concept_id,label,child_safe,nameability,animacy
aardvark,aardvark,True,0.365694874,1.0
abacus,abacus,True,0.771798368,0.0
accordion,accordion,True,0.903857991,0.0
acorn,acorn,True,0.926932835,0.0
air_conditioner,air conditioner,False,0.773673626,0.0
air_mattress,air mattress,False,0.630343534,0.0
air_pump,air pump,False,0.355353457,0.0
airbag,airbag,True,0.872060436,0.0
airboat,airboat,True,0.384992128,0.0
aircraft_carrier,aircraft carrier,False,0.5241042,0.0
airplane,airplane,True,0.845194686,0.0
album,album,True,0.710623065,0.0
alligator,alligator,True,0.726855962,1.0
almond,almond,True,0.847856302,0.0
aloe,aloe,True,0.566347241,0.0
alpaca,alpaca,True,0.305376104,1.0
altar,altar,True,0.673955108,0.0
aluminum_foil,aluminum foil,False,0.41541337,0.0
amber,amber,True,0.514164087,0.0
ambulance,ambulance,True,0.971993332,0.0
amplifier,amplifier,True,0.663476092,0.0
anchor,anchor,True,0.963252801,0.0
ankle,ankle,True,0.543646442,0.0
anklet,anklet,True,0.48307426,0.0
ant,ant,True,0.920995299,1.0
anteater,anteater,True,0.803669304,1.0
antelope,antelope,True,0.324474688,1.0
antenna,antenna,True,0.769937865,0.0
anvil,anvil,True,0.791938888,0.0
appetizer,appetizer,True,0.254029216,0.0
apple,apple,True,0.985810114,0.0
apple_tree,apple tree,False,0.492292312,0.0
applesauce,applesauce,True,0.80373022,0.0
apron,apron,True,0.928171059,0.0
aquarium,aquarium,True,0.532637456,0.0
arch,arch,True,0.78015745,0.0
arm,arm,True,0.787850282,0.0
armor,armor,True,0.832797066,0.0
arrow,arrow,True,0.865561289,0.0
artichoke,artichoke,True,0.737621832,0.0
arugula,arugula,True,0.260924275,0.0
ashtray,ashtray,False,0.83771807,0.0
asparagus,asparagus,True,0.930119826,0.0
avocado,avocado,True,0.965451389,0.0
awning,awning,True,0.767352015,0.0
axe,axe,True,0.732463819,0.0
baby,baby,True,0.911577596,0.0
backdrop,backdrop,True,0.511485822,0.0
backgammon,backgammon,True,0.632568601,0.0
backpack,backpack,True,0.945947448,0.0
backscratcher,backscratcher,True,0.738642799,0.0
bacon,bacon,True,0.956578947,0.0
badge,badge,True,0.458633669,0.0
badger,badger,True,0.590446224,1.0
bag,bag,True,0.84230978,0.0
bagel,bagel,True,0.868345266,0.0
bagpipe,bagpipe,True,0.861801563,0.0
baklava,baklava,True,0.46355376,0.0
balance_beam,balance beam,False,0.393672766,0.0
ball,ball,True,0.967851307,0.0
balloon,balloon,True,0.991812865,0.0
ballot_box,ballot box,False,0.441200658,0.0
bamboo,bamboo,True,0.920929008,0.0
banana,banana,True,0.995726496,0.0
banana_peel,banana peel,False,0.887984884,0.0
banana_split,banana split,False,0.735626689,0.0
bandage,bandage,True,0.324752752,0.0
bandanna,bandanna,True,0.507648205,0.0
banjo,banjo,True,0.952445605,0.0
bank,bank,True,0.719833331,0.0
banner,banner,True,0.595192166,0.0
barbed_wire,barbed wire,False,0.820755609,0.0
barbell,barbell,True,0.337090787,0.0
barcode,barcode,True,0.766761266,0.0
bark,bark,True,0.781637583,0.0
barnacle,barnacle,True,0.367576826,1.0
barrel,barrel,True,0.877971955,0.0
barrette,barrette,True,0.36645561,0.0
baseball,baseball,True,0.963756068,0.0
baseball_bat,baseball bat,False,0.613583591,0.0
baseball_glove,baseball glove,False,0.406541832,0.0
basil,basil,True,0.354861418,0.0
basket,basket,True,0.981940144,0.0
basketball,basketball,True,0.950432973,0.0
basketball_hoop,basketball hoop,False,0.78712278,0.0
bassinet,bassinet,True,0.662345739,0.0
bassoon,bassoon,True,0.287911439,0.0
bat1,bat,True,0.977773239,1.0
bathmat,bathmat,True,0.436705168,0.0
bathrobe,bathrobe,True,0.273992375,0.0
bathtub,bathtub,True,0.709218768,0.0
baton4,baton,True,0.848444053,0.0
batter,batter,True,0.592842707,0.0
battery,battery,True,0.987153026,0.0
bazooka,bazooka,True,0.345529973,0.0
beachball,beachball,True,0.857699428,0.0
bead,bead,True,0.881951202,0.0
beaker,beaker,True,0.603430298,0.0
bean,bean,True,0.818842118,0.0
beanbag,beanbag,True,0.853480016,0.0
beanie,beanie,True,0.444295686,0.0
bear,bear,True,0.989292676,1.0
beard,beard,True,0.960873001,0.0
beaver,beaver,True,0.699321617,1.0
bed,bed,True,0.968853506,0.0
bedpan,bedpan,True,0.645714257,0.0
bedpost,bedpost,True,0.561935558,0.0
bee,bee,True,0.955527367,1.0
beehive,beehive,True,0.449381136,1.0
beer,beer,False,0.862888341,0.0
beet,beet,True,0.690968926,0.0
beetle,beetle,True,0.65543745,1.0
bell,bell,True,1.0,0.0
bell_pepper,bell pepper,False,0.446892968,0.0
belt,belt,True,0.953305138,0.0
belt_buckle,belt buckle,False,0.590548423,0.0
bench,bench,True,0.989332054,0.0
berry,berry,True,0.93287037,0.0
bib,bib,True,0.958492145,0.0
bike,bike,True,0.389905176,0.0
bikini,bikini,True,0.71839382,0.0
bin,bin,True,0.380560777,0.0
binder,binder,True,0.781990669,0.0
binoculars,binoculars,True,0.975,0.0
bird,bird,True,0.89439864,1.0
birdbath,birdbath,True,0.781299736,0.0
birdcage,birdcage,True,0.779951769,1.0
birdhouse,birdhouse,True,0.852633012,1.0
birthday_cake,birthday cake,False,0.290645186,0.0
biscuit,biscuit,True,0.930134517,0.0
bison,bison,True,0.316227692,1.0
blackberry,blackberry,True,0.586016512,0.0
blanket,blanket,True,0.606325864,0.0
blazer,blazer,True,0.321364522,0.0
blender,blender,True,0.946854575,0.0
blimp,blimp,True,0.785661048,0.0
blind,blind,True,0.876561053,0.0
blinder,blinder,True,0.177251197,0.0
blindfold,blindfold,True,0.706475748,0.0
block,block,True,0.896464855,0.0
blouse,blouse,True,0.598099684,0.0
blower,blower,True,0.913458892,0.0
blowfish,blowfish,True,0.229477608,1.0
blowgun,blowgun,True,0.289220412,0.0
blowtorch,blowtorch,True,0.295920868,0.0
blueberry,blueberry,True,0.953593338,0.0
boa,boa,True,0.613945362,0.0
boar,boar,True,0.482699805,1.0
board,board,True,0.33290994,0.0
board_game,board game,False,0.631808018,0.0
boat,boat,True,0.914624797,0.0
bobsled,bobsled,True,0.676180341,0.0
bok_choy,bok choy,False,0.322444809,0.0
bolo_tie,bolo tie,False,0.342196535,0.0
bologna,bologna,True,0.505575059,0.0
bolt,bolt,True,0.465987559,0.0
bomb,bomb,True,0.293876849,0.0
bone,bone,True,0.8525043,0.0
bongo,bongo,True,0.442465505,0.0
bonnet,bonnet,True,0.822399237,0.0
bonsai,bonsai,True,0.831121359,0.0
book,book,True,0.9788574,0.0
bookmark,bookmark,True,0.744160394,0.0
bookshelf,bookshelf,True,0.462822497,0.0
boomerang,boomerang,True,0.941691033,0.0
boot,boot,True,0.947405777,0.0
bottle,bottle,True,0.901413255,0.0
bottle_opener,bottle opener,False,0.799359592,0.0
boulder,boulder,True,0.482114489,0.0
bouquet,bouquet,True,0.660778171,0.0
bow2,bow,True,0.953496589,0.0
bowl,bowl,True,0.958184626,0.0
bowler_hat,bowler hat,False,0.265099825,0.0
bowling_ball,bowling ball,False,0.910161535,0.0
bowtie,bowtie,True,0.965685046,0.0
box,box,True,0.958639706,0.0
boxer_shorts,boxer shorts,False,0.123039877,0.0
boxing_gloves,boxing gloves,False,0.911311203,0.0
boy,boy,True,0.557353272,0.0
bra,bra,False,0.995238095,0.0
brace,brace,True,0.751062092,0.0
bracelet2,bracelet,True,0.946845343,0.0
bracket,bracket,True,0.394362458,0.0
braid,braid,True,0.82559877,0.0
brake,brake,True,0.508865096,0.0
branch,branch,True,0.694340796,0.0
brass_knuckles,brass knuckles,False,0.821752605,0.0
bread,bread,True,0.951587302,0.0
breadbox,breadbox,True,0.779376136,0.0
breadstick,breadstick,True,0.777447448,0.0
breakfast,breakfast,True,0.720265974,0.0
breathalyzer,breathalyzer,True,0.738195878,0.0
brick,brick,True,0.971602413,0.0
briefcase,briefcase,True,0.64755762,0.0
broccoli,broccoli,True,0.983660131,0.0
brooch,brooch,True,0.541086171,0.0
broom,broom,True,0.986082445,0.0
brownie,brownie,True,0.924364322,0.0
brush,brush,True,0.942248485,0.0
brussels_sprouts,brussels sprouts,False,0.223471362,0.0
bubble,bubble,True,0.950751061,0.0
bubble_wrap,bubble wrap,False,0.884280401,0.0
bucket,bucket,True,0.798828976,0.0
buckle,buckle,True,0.476950342,0.0
buffet,buffet,True,0.862407244,0.0
bug,bug,True,0.518860155,1.0
buggy,buggy,True,0.478888602,0.0
bull,bull,True,0.603020931,1.0
bulldozer,bulldozer,True,0.516384628,0.0
bullet,bullet,False,0.906852161,0.0
bulletin_board,bulletin board,False,0.467348928,0.0
bulletproof_vest,bulletproof vest,False,0.226817452,0.0
bumper,bumper,True,0.623832918,0.0
bun,bun,True,0.548179681,0.0
bungee,bungee,True,0.608199676,0.0
bunkbed,bunkbed,True,0.131156814,0.0
buoy,buoy,True,0.787842564,0.0
burner,burner,True,0.756062951,0.0
burrito,burrito,True,0.768027606,0.0
bus,bus,True,0.959766655,0.0
bush,bush,True,0.571298935,0.0
butter,butter,True,0.830836128,0.0
butterfly,butterfly,True,0.957744776,1.0
button1,button,True,0.996904025,0.0
cabbage,cabbage,True,0.743138578,0.0
cabinet,cabinet,True,0.77550371,0.0
cable,cable,True,0.357269092,0.0
cactus,cactus,True,0.973310114,0.0
cage,cage,True,0.834656648,0.0
cake,cake,True,0.992156863,0.0
cake_mix,cake mix,False,0.238189428,0.0
calamari,calamari,True,0.429698327,0.0
calculator,calculator,True,0.968413681,0.0
calf2,calf,True,0.537288073,0.0
calzone,calzone,True,0.555248825,0.0
camcorder,camcorder,True,0.336939776,0.0
camel,camel,True,1.0,1.0
camera1,camera,True,0.985776072,0.0
camera_lens,camera lens,False,0.536510701,0.0
camper,camper,True,0.5635732,0.0
can,can,True,0.93120485,0.0
can_opener,can opener,False,0.925570104,0.0
candelabra,candelabra,True,0.454405188,0.0
candle,candle,True,0.9422187,0.0
candlestick,candlestick,True,0.325660966,0.0
candy,candy,True,0.891234024,0.0
candy_bar,candy bar,False,0.444551944,0.0
candy_cane,candy cane,False,0.913603658,0.0
cane,cane,True,0.831900011,0.0
canister,canister,True,0.523822383,0.0
cannon,cannon,True,0.815660116,0.0
cannonball,cannonball,True,0.167652971,0.0
canoe,canoe,True,0.704015671,0.0
cantaloupe,cantaloupe,True,0.488461538,0.0
canvas,canvas,True,0.506738046,0.0
cap,cap,True,0.816859858,0.0
cape,cape,True,0.573945648,0.0
car,car,True,0.83109986,0.0
car_door,car door,False,0.834167527,0.0
car_seat,car seat,False,0.557022836,0.0
caramel,caramel,True,0.679858583,0.0
card,card,True,0.972066277,0.0
cardboard,cardboard,True,0.830230932,0.0
cardigan,cardigan,True,0.317587474,0.0
cardinal,cardinal,True,0.777768605,1.0
carousel,carousel,True,0.747202156,0.0
carriage,carriage,True,0.72223351,0.0
carrot,carrot,True,0.995098039,0.0
cart,cart,True,0.21833577,0.0
cash_machine,cash machine,False,0.0,0.0
cash_register,cash register,False,0.698327313,0.0
cashew,cashew,True,0.842680885,0.0
casserole,casserole,True,0.636779039,0.0
cassette,cassette,True,0.855526531,0.0
cat,cat,True,0.948801743,1.0
catapult,catapult,True,0.613881722,0.0
caterpillar,caterpillar,True,0.914314381,1.0
catfish,catfish,True,0.704321107,1.0
cauliflower,cauliflower,True,0.971620496,0.0
caviar,caviar,True,0.619805972,0.0
cd_player,cd player,False,0.655087934,0.0
celery,celery,True,0.981424149,0.0
cello,cello,True,0.643907563,0.0
cellphone,cellphone,True,0.174892232,0.0
cement_mixer,cement mixer,False,0.611406375,0.0
centerpiece,centerpiece,True,0.47120743,0.0
centrifuge,centrifuge,True,0.467712992,0.0
cereal,cereal,True,0.819662668,0.0
chain,chain,True,0.975260417,0.0
chainsaw,chainsaw,True,0.690931373,0.0
chair,chair,True,0.99537037,0.0
chalice,chalice,True,0.289693024,0.0
chalk,chalk,True,0.955834392,0.0
chalkboard,chalkboard,True,0.566477468,0.0
champagne,champagne,True,0.664905114,0.0
chandelier,chandelier,True,0.963640924,0.0
chaps,chaps,True,0.687996985,0.0
charcoal,charcoal,True,0.522042647,0.0
charger,charger,True,0.479190624,0.0
chariot,chariot,True,0.620834869,0.0
checkbook,checkbook,True,0.68081212,0.0
checkers,checkers,True,0.59422832,0.0
cheese,cheese,True,0.898483136,0.0
cheeseburger,cheeseburger,True,0.488292269,0.0
cheesecake,cheesecake,True,0.882839124,0.0
cheetah,cheetah,True,0.659082189,1.0
cherry,cherry,True,0.949597953,0.0
chess_piece,chess piece,False,0.640506337,0.0
chessboard,chessboard,True,0.196657135,0.0
chest1,chest,True,0.65965588,0.0
chick,chick,True,0.899530945,1.0
chicken2,chicken,True,0.592841991,1.0
chicken_wire,chicken wire,False,0.457496683,0.0
chickpea,chickpea,True,0.545306158,0.0
chihuahua,chihuahua,True,0.301207574,1.0
chili,chili,True,0.727076576,0.0
chime,chime,True,0.635815847,0.0
chimney,chimney,True,0.851523979,0.0
chin,chin,True,0.613014204,0.0
chinaware,chinaware,True,0.028128655,0.0
chinchilla,chinchilla,True,0.493034547,1.0
chip,chip,True,0.556869195,0.0
chipmunk,chipmunk,True,0.619355489,1.0
chips,chips,True,0.904989035,0.0
chisel,chisel,True,0.628545735,0.0
chive,chive,True,0.341420494,0.0
chocolate,chocolate,True,0.903901912,0.0
chopsticks,chopsticks,True,0.804840328,0.0
christmas_card,christmas card,False,0.436349043,0.0
christmas_tree,christmas tree,False,0.932571011,0.0
chute,chute,True,0.256584901,0.0
cigar,cigar,False,0.96144238,0.0
cigarette,cigarette,False,0.987272102,0.0
cigarette_butt,cigarette butt,False,0.665725281,0.0
cigarette_holder,cigarette holder,False,0.352845932,0.0
cilantro,cilantro,True,0.30507429,0.0
cinnamon,cinnamon,True,0.945122406,0.0
clam,clam,True,0.582638889,1.0
clarinet,clarinet,True,0.630111667,0.0
clasp,clasp,True,0.397684965,0.0
clay,clay,True,0.780109434,0.0
cleat,cleat,True,0.744159083,0.0
cleaver,cleaver,True,0.502585272,0.0
clipboard,clipboard,True,0.814297672,0.0
clipper2,clipper,True,0.922697368,0.0
cloak,cloak,True,0.462953646,0.0
clock,clock,True,0.978070175,0.0
closet,closet,True,0.376859901,0.0
clothes,clothes,True,0.572764679,0.0
clothesline,clothesline,True,0.52942789,0.0
clothespin,clothespin,True,0.369903824,0.0
cloud,cloud,True,0.861598441,0.0
clove,clove,True,0.499723727,0.0
clover,clover,True,0.763314843,0.0
coal,coal,True,0.467773549,0.0
coaster,coaster,True,0.764207803,0.0
coat,coat,True,0.809801055,0.0
coat_rack,coat rack,False,0.687916237,0.0
cobra,cobra,True,0.612097788,1.0
cockatoo,cockatoo,True,0.32430109,1.0
cockroach,cockroach,True,0.552064342,1.0
cocktail,cocktail,True,0.466673475,0.0
coconut,coconut,True,0.978084795,0.0
cocoon,cocoon,True,0.602546655,1.0
coffee,coffee,True,0.88459007,0.0
coffee_bean,coffee bean,False,0.893553635,0.0
coffee_filter,coffee filter,False,0.658135893,0.0
coffee_pot,coffee pot,False,0.070754091,0.0
coffee_table,coffee table,False,0.788073431,0.0
coffeemaker,coffeemaker,True,0.712441029,0.0
coffin,coffin,True,0.59505967,0.0
coil,coil,True,0.355097609,0.0
coin,coin,True,0.843646698,0.0
coleslaw,coleslaw,True,0.566729528,0.0
collar,collar,True,0.812854747,0.0
column,column,True,0.396828775,0.0
comb,comb,True,0.958495299,0.0
combination_lock,combination lock,False,0.18112612,0.0
comic_book,comic book,False,0.696021508,0.0
compass,compass,True,0.948142415,0.0
compost,compost,True,0.50734676,0.0
computer,computer,True,0.748014849,0.0
computer_screen,computer screen,False,0.04875731,0.0
confetti,confetti,True,0.804698429,0.0
contact_lens,contact lens,False,0.699885014,0.0
container,container,True,0.726129284,0.0
cooker,cooker,True,0.202890652,0.0
cookie,cookie,True,0.324202213,0.0
cookie_cutter,cookie cutter,False,0.874972877,0.0
cookie_sheet,cookie sheet,False,0.219227252,0.0
cooler,cooler,True,0.748425551,0.0
coop,coop,True,0.671024847,1.0
copier,copier,True,0.43671454,0.0
coral,coral,True,0.731351144,1.0
cord,cord,True,0.714641588,0.0
cordon_bleu,cordon bleu,False,0.389966696,0.0
cork,cork,True,0.943764058,0.0
corkboard,corkboard,True,0.344554772,0.0
corkscrew,corkscrew,True,0.561549708,0.0
corn,corn,True,0.99380805,0.0
cornbread,cornbread,True,0.685312546,0.0
cornhusk,cornhusk,True,0.302645912,0.0
cornmeal,cornmeal,True,0.21178467,0.0
cornucopia,cornucopia,True,0.700002646,0.0
corsage,corsage,True,0.776201124,0.0
corset,corset,True,0.832441329,0.0
costume,costume,True,0.455281981,0.0
cot,cot,True,0.705964558,0.0
cotton_candy,cotton candy,False,0.928804477,0.0
couch,couch,True,0.585240564,0.0
cougar,cougar,True,0.39872162,1.0
counter,counter,True,0.773720634,0.0
coverall,coverall,True,0.265972529,0.0
cow,cow,True,0.905051385,1.0
coyote,coyote,True,0.438496517,1.0
crab,crab,True,0.977296182,1.0
cracker,cracker,True,0.848111455,0.0
cranberry,cranberry,True,0.47394743,0.0
crane,crane,True,0.907765499,0.0
crank,crank,True,0.289294161,0.0
crate,crate,True,0.620787298,0.0
crayfish,crayfish,True,0.057086343,1.0
crayon,crayon,True,0.958096835,0.0
cream,cream,True,0.475759661,0.0
cream_cheese,cream cheese,False,0.46688919,0.0
credit_card,credit card,False,0.905192925,0.0
creme_brulee,creme brulee,False,0.472948655,0.0
crepe,crepe,True,0.680314743,0.0
crib,crib,True,0.913852719,0.0
croissant,croissant,True,0.901838235,0.0
cross,cross,True,0.933237779,0.0
crossbow,crossbow,True,0.658066735,0.0
crouton,crouton,True,0.792426327,0.0
crow,crow,True,0.659356725,1.0
crowbar,crowbar,True,0.615715299,0.0
crown,crown,True,0.971795809,0.0
crucifix,crucifix,True,0.566338231,0.0
cruise_ship,cruise ship,False,0.702555306,0.0
crumb,crumb,True,0.875403838,0.0
crutch,crutch,True,0.93369661,0.0
crystal2,crystal,True,0.639294437,0.0
crystal_ball,crystal ball,False,0.210526316,0.0
cuckoo_clock,cuckoo clock,False,0.615390805,0.0
cucumber,cucumber,True,0.862994765,0.0
cufflink,cufflink,True,0.52380246,0.0
cummerbund,cummerbund,True,0.186898005,0.0
cup,cup,True,0.713905229,0.0
cupcake,cupcake,True,0.912890791,0.0
curb,curb,True,0.641492825,0.0
curling_iron,curling iron,False,0.743978512,0.0
curry,curry,True,0.287325265,0.0
curtain,curtain,True,0.871737759,0.0
cushion,cushion,True,0.173102282,0.0
cutting_board,cutting board,False,0.727711845,0.0
cymbal,cymbal,True,0.702492368,0.0
dagger,dagger,False,0.323656261,0.0
daisy,daisy,True,0.624706169,0.0
dalmatian,dalmatian,True,0.728634546,1.0
dandelion,dandelion,True,0.636875932,0.0
dart,dart,True,0.96648484,0.0
dartboard,dartboard,True,0.391645167,0.0
dashboard,dashboard,True,0.491690482,0.0
deer,deer,True,0.848856516,1.0
defibrillator,defibrillator,True,0.513243894,0.0
denture,denture,True,0.671007482,0.0
deodorant,deodorant,True,0.811268777,0.0
desk,desk,True,0.885076662,0.0
dessert,dessert,True,0.364001554,0.0
detonator,detonator,True,0.309257468,0.0
dial,dial,True,0.203257224,0.0
diamond,diamond,True,0.801606037,0.0
diaper,diaper,True,0.935017487,0.0
dice,dice,True,0.884551657,0.0
dip,dip,True,0.688849882,0.0
dirt_bike,dirt bike,False,0.463059712,0.0
dish,dish,True,0.438976526,0.0
dishrag,dishrag,True,0.008796296,0.0
dishwasher,dishwasher,True,0.779709455,0.0
dishwashing_liquid,dishwashing liquid,False,0.034881982,0.0
diskette,diskette,True,0.018547185,0.0
diving_board,diving board,False,0.841020349,0.0
dog,dog,True,0.877664545,1.0
dogfood,dogfood,True,0.621249768,0.0
doghouse,doghouse,True,0.298911116,1.0
doily,doily,True,0.702184635,0.0
doll,doll,True,0.912090357,0.0
dollhouse,dollhouse,True,0.507820146,0.0
dolly,dolly,True,0.531260088,0.0
dolphin,dolphin,True,0.942293233,1.0
domino,domino,True,0.937038231,0.0
donkey,donkey,True,0.875492978,1.0
donut,donut,True,0.693036206,0.0
door,door,True,0.97070372,0.0
doorbell,doorbell,True,0.932164664,0.0
doorhandle,doorhandle,True,0.530062713,0.0
doorknob,doorknob,True,0.83514863,0.0
doorknocker,doorknocker,True,0.773754085,0.0
doormat,doormat,True,0.19452695,0.0
doorstop,doorstop,True,0.582548733,0.0
dough,dough,True,0.913290021,0.0
dragonfly,dragonfly,True,0.695421612,1.0
drain,drain,True,0.453428843,0.0
drawer,drawer,True,0.912792398,0.0
dreidel,dreidel,True,0.699543211,0.0
dress,dress,True,0.846590458,0.0
dresser,dresser,True,0.759471919,0.0
drill,drill,True,0.912023625,0.0
drink,drink,True,0.412343932,0.0
drum,drum,True,0.970347437,0.0
drumstick,drumstick,True,0.48631004,0.0
dryer,dryer,True,0.740036263,0.0
duck,duck,True,0.924172753,1.0
duckling,duckling,True,0.600846061,1.0
duct,duct,True,0.385169749,0.0
duct_tape,duct tape,False,0.695986699,0.0
duffel_bag,duffel bag,False,0.329625109,0.0
dumbbell,dumbbell,True,0.404401575,0.0
dumbwaiter,dumbwaiter,True,0.341574597,0.0
dumpling,dumpling,True,0.58140298,0.0
dumpster,dumpster,True,0.829051182,0.0
duster,duster,True,0.89500774,0.0
dustpan,dustpan,True,0.363450292,0.0
dynamite,dynamite,True,0.615102141,0.0
eagle,eagle,True,0.883099907,1.0
ear,ear,True,0.995614035,0.0
earplug,earplug,True,0.362665242,0.0
earring,earring,True,0.797489358,0.0
earwig,earwig,True,0.2571361,1.0
easel,easel,True,0.803880719,0.0
easter_egg,easter egg,False,0.506169304,0.0
eclair,eclair,True,0.216811023,0.0
eel,eel,True,0.680621488,1.0
egg,egg,True,0.989454191,0.0
egg_roll,egg roll,False,0.590227612,0.0
eggbeater,eggbeater,True,0.212389646,0.0
eggnog,eggnog,True,0.61002322,0.0
eggplant,eggplant,True,0.886763273,0.0
eggshell,eggshell,True,0.364202479,0.0
elbow,elbow,True,0.845329009,0.0
electric_chair,electric chair,False,0.859749455,0.0
elephant,elephant,True,0.995614035,1.0
emerald,emerald,True,0.20567273,0.0
enchilada,enchilada,True,0.64683845,0.0
engine,engine,True,0.827658812,0.0
envelope,envelope,True,0.892196996,0.0
eraser,eraser,True,0.788784615,0.0
espresso,espresso,True,0.193460827,0.0
exerciser,exerciser,True,0.105134159,0.0
exhaust_pipe,exhaust pipe,False,0.360208118,0.0
extinguisher,extinguisher,True,0.958153272,0.0
eye,eye,True,0.971608146,0.0
eye_patch,eye patch,False,0.875584795,0.0
eyedropper,eyedropper,True,0.197749685,0.0
eyeliner,eyeliner,True,0.607628139,0.0
eyepiece,eyepiece,True,0.013645224,0.0
face,face,True,0.451757611,0.0
face_mask,face mask,False,0.29439822,0.0
fan,fan,True,0.996240602,0.0
fast_food,fast food,False,0.140258428,0.0
faucet,faucet,True,0.876731094,0.0
feather,feather,True,0.978199443,1.0
fence,fence,True,0.950894393,0.0
fencepost,fencepost,True,0.375042693,0.0
fern,fern,True,0.670060926,0.0
ferret,ferret,True,0.584857506,1.0
ferris_wheel,ferris wheel,False,0.967377334,0.0
ferry,ferry,True,0.435008887,0.0
fig,fig,True,0.445107356,0.0
figurine,figurine,True,0.373044591,0.0
file2,file,True,0.753296999,0.0
filing_cabinet,filing cabinet,False,0.291606109,0.0
film,film,True,0.767323845,0.0
filter,filter,True,0.838998395,0.0
finger,finger,True,0.793858216,0.0
fingerprint,fingerprint,True,0.69872721,0.0
fire,fire,True,0.970498294,0.0
fire_alarm,fire alarm,False,0.952243763,0.0
fire_hydrant,fire hydrant,False,0.863194137,0.0
fire_pit,fire pit,False,0.797773846,0.0
firecracker,firecracker,True,0.570021008,0.0
fireplace,fireplace,True,0.95092834,0.0
firetruck,firetruck,True,0.328679696,0.0
firewood,firewood,True,0.362933938,0.0
fireworks,fireworks,True,0.924599126,0.0
first-aid_kit,first-aid kit,False,0.013645224,0.0
fish,fish,True,0.975888439,1.0
fishbowl,fishbowl,True,0.655948876,0.0
fishhook,fishhook,True,0.294148105,1.0
fishing_pole,fishing pole,False,0.594805642,1.0
fishnet_stockings,fishnet stockings,False,0.334084659,0.0
flag,flag,True,0.983426704,0.0
flagpole,flagpole,True,0.283122021,0.0
flamethrower,flamethrower,True,0.358254859,0.0
flamingo,flamingo,True,0.95426068,1.0
flan,flan,True,0.676419347,0.0
flashbulb,flashbulb,True,0.060020712,0.0
flashlight,flashlight,True,0.885228185,0.0
flask,flask,True,0.906140044,0.0
flatiron,flatiron,True,0.203094542,0.0
flip_flop,flip-flop,False,0.196345388,0.0
flipper,flipper,True,0.722825651,0.0
float,float,True,0.652774194,0.0
floss,floss,True,0.895688458,0.0
flour,flour,True,0.866665233,0.0
flower,flower,True,0.865360382,0.0
flute,flute,True,0.748777663,0.0
fly,fly,True,0.928049434,1.0
flypaper,flypaper,True,0.282546109,1.0
flyswatter,flyswatter,True,0.656954478,0.0
foam,foam,True,0.624813668,0.0
folder,folder,True,0.705912453,0.0
fondue,fondue,True,0.606995316,0.0
food_processor,food processor,False,0.664740896,0.0
foot,foot,True,0.876036292,0.0
football,football,True,0.97706685,0.0
football_helmet,football helmet,False,0.413767185,0.0
footbath,footbath,True,0.424151832,0.0
footprint,footprint,True,0.709837175,0.0
footrest,footrest,True,0.142064055,0.0
fork,fork,True,0.967234262,0.0
forklift,forklift,True,0.853512355,0.0
fossil,fossil,True,0.689425849,0.0
fountain_pen,fountain pen,False,0.268813209,0.0
fox,fox,True,0.942600834,1.0
frame,frame,True,0.895382554,0.0
freezer,freezer,True,0.873805326,0.0
french_fries,french fries,False,0.676773377,0.0
french_horn,french horn,False,0.610190918,0.0
frisbee,frisbee,True,0.906568556,0.0
frog,frog,True,0.963168378,1.0
fruit,fruit,True,0.945390437,0.0
fruitcake,fruitcake,True,0.321684368,0.0
fudge,fudge,True,0.694232825,0.0
fungus,fungus,True,0.28684103,0.0
funnel,funnel,True,0.873608244,0.0
fur_coat,fur coat,False,0.676500688,0.0
furnace,furnace,True,0.294189313,0.0
fuse,fuse,True,0.473578145,0.0
gallows,gallows,True,0.298770568,0.0
game,game,True,0.715163829,0.0
garbage,garbage,True,0.376378856,0.0
garbage_truck,garbage truck,False,0.571499255,0.0
gargoyle,gargoyle,True,0.685956312,0.0
garlic,garlic,True,0.912571666,0.0
garter,garter,True,0.807576539,0.0
gas_mask,gas mask,False,0.806839454,0.0
gasket,gasket,True,0.260003102,0.0
gate,gate,True,0.897002924,0.0
gauge,gauge,True,0.568263746,0.0
gauze,gauze,True,0.675202815,0.0
gavel,gavel,True,0.87600394,0.0
gazelle,gazelle,True,0.316008158,1.0
gear,gear,True,0.720349587,0.0
gearshift,gearshift,True,0.104447598,0.0
gel,gel,True,0.347060862,0.0
gem,gem,True,0.196348971,0.0
generator,generator,True,0.882351713,0.0
gift,gift,True,0.57060006,0.0
ginger,ginger,True,0.829624971,0.0
gingerbread_man,gingerbread man,False,0.37641003,0.0
giraffe,giraffe,True,0.983845925,1.0
girl,girl,True,0.585456193,0.0
glass,glass,True,0.90036048,0.0
glasses,glasses,True,0.721488952,0.0
globe,globe,True,0.972627852,0.0
glove,glove,True,0.982595889,0.0
glue,glue,True,0.915815632,0.0
go-kart,go-kart,True,0.400378755,0.0
goalpost,goalpost,True,0.239690006,0.0
goat,goat,True,0.935903996,1.0
goblet,goblet,True,0.37112481,0.0
goggles,goggles,True,0.913413577,0.0
gold,gold,True,0.888290477,0.0
goldfish,goldfish,True,0.643572626,1.0
golf_cart,golf cart,False,0.904415706,0.0
golf_club,golf club,False,0.838831812,0.0
gondola,gondola,True,0.571078073,0.0
gong,gong,True,0.877767055,0.0
goose,goose,True,0.734498355,1.0
gopher,gopher,True,0.12846343,1.0
gorilla,gorilla,True,0.895519231,1.0
gourd,gourd,True,0.453499919,0.0
graffiti,graffiti,True,0.721880035,0.0
grain,grain,True,0.34560221,0.0
gramophone,gramophone,True,0.322476173,0.0
granite,granite,True,0.352028048,0.0
granola,granola,True,0.611698436,0.0
grape,grape,True,0.937410776,0.0
grapefruit,grapefruit,True,0.833675419,0.0
grapevine,grapevine,True,0.094483806,0.0
grass,grass,True,0.970305011,0.0
grasshopper,grasshopper,True,0.748003311,1.0
grate,grate,True,0.462379601,0.0
grater,grater,True,0.879296741,0.0
gravel,gravel,True,0.186902663,0.0
gravestone,gravestone,True,0.210301284,0.0
gravy,gravy,True,0.762999249,0.0
green_beans,green beans,False,0.737651932,0.0
grenade,grenade,False,0.94460211,0.0
grill,grill,True,0.877533396,0.0
grille,grille,True,0.134909783,0.0
grinder,grinder,True,0.851801686,0.0
grits,grits,True,0.421975691,0.0
groundhog,groundhog,True,0.378242174,1.0
guacamole,guacamole,True,0.847648951,0.0
guardrail,guardrail,True,0.284303931,0.0
guillotine,guillotine,True,0.832367684,0.0
guinea_pig,guinea pig,False,0.602462037,1.0
guitar,guitar,True,0.980351687,0.0
gum,gum,True,0.862759431,0.0
gumball,gumball,True,0.5749484,0.0
gumdrop,gumdrop,True,0.34116324,0.0
gun,gun,False,0.873115182,0.0
gurney,gurney,True,0.334115431,0.0
gutter,gutter,True,0.780813861,0.0
gyro,gyro,True,0.595991357,0.0
gyroscope,gyroscope,True,0.2571877,0.0
hail,hail,True,0.592982098,0.0
hair,hair,True,0.976006192,0.0
hairbrush,hairbrush,True,0.318018289,0.0
hairdryer,hairdryer,True,0.729525202,0.0
hairnet,hairnet,True,0.329589906,0.0
hairpin,hairpin,True,0.238014849,0.0
hairspray,hairspray,True,0.42439693,0.0
ham,ham,True,0.941474602,0.0
hamburger,hamburger,True,0.00877193,0.0
hammer,hammer,True,0.894518977,0.0
hammock,hammock,True,0.956749513,0.0
hamster,hamster,True,0.509643287,1.0
hand,hand,True,0.93946877,0.0
handbrake,handbrake,True,0.11756106,0.0
handcuff,handcuff,True,0.904239766,0.0
handkerchief,handkerchief,True,0.484393275,0.0
handle,handle,True,0.84550819,0.0
handlebar,handlebar,True,0.479793745,0.0
handprint,handprint,True,0.597412496,0.0
hanger,hanger,True,0.960228697,0.0
hard_disk,hard disk,False,0.032454605,0.0
harmonica,harmonica,True,0.931696631,0.0
harness,harness,True,0.649592826,0.0
harp,harp,True,0.96265229,0.0
hash,hash,True,0.345647773,0.0
hat,hat,True,0.893489346,0.0
hatbox,hatbox,True,0.399550244,0.0
hatchet,hatchet,True,0.288770425,0.0
hawk,hawk,True,0.508955564,1.0
hay,hay,True,0.425095261,1.0
headband,headband,True,0.700233263,0.0
headdress,headdress,True,0.827244582,0.0
headlamp,headlamp,True,0.554896317,0.0
headlight,headlight,True,0.890394538,0.0
headphones,headphones,True,0.887195695,0.0
headrest,headrest,True,0.86422142,0.0
headscarf,headscarf,True,0.191404727,0.0
headset,headset,True,0.346451205,0.0
hearing_aid,hearing aid,False,0.847257851,0.0
hearse,hearse,True,0.632571164,0.0
heater,heater,True,0.822784289,0.0
hedge,hedge,True,0.755806277,0.0
hedgehog,hedgehog,True,0.629528724,1.0
helicopter,helicopter,True,0.990331712,0.0
helmet,helmet,True,0.972627852,0.0
highchair,highchair,True,0.312936447,0.0
highlighter,highlighter,True,0.792740225,0.0
hinge,hinge,True,0.937146686,0.0
hip,hip,True,0.121558236,0.0
hippopotamus,hippopotamus,True,0.419878263,1.0
hobbyhorse,hobbyhorse,True,0.225804424,0.0
hockey_stick,hockey stick,False,0.831978435,0.0
hoe,hoe,True,0.578498943,0.0
hole,hole,True,0.74242313,0.0
holster,holster,True,0.758049843,0.0
home_plate,home plate,False,0.457704215,0.0
honey,honey,True,0.941844972,0.0
honeycomb,honeycomb,True,0.655720277,0.0
honeypot,honeypot,True,0.317366882,0.0
hood,hood,True,0.876261323,0.0
hoodie,hoodie,True,0.592064843,0.0
hook2,hook,True,0.801100901,0.0
hookah,hookah,False,0.834032794,0.0
hopscotch,hopscotch,True,0.882080803,0.0
horn,horn,True,0.6635689,0.0
horse,horse,True,0.970854327,1.0
horseshoe,horseshoe,True,0.73468813,0.0
hose,hose,True,0.942742375,0.0
hot-air_balloon,hot-air balloon,False,0.036319855,0.0
hot-water_bottle,hot-water bottle,False,0.075662195,0.0
hot_chocolate,hot chocolate,False,0.440116364,0.0
hot_tub,hot tub,False,0.717962492,0.0
hotdog,hotdog,True,0.608717975,0.0
hotplate,hotplate,True,0.426811719,0.0
hourglass,hourglass,True,0.823354649,0.0
hovercraft,hovercraft,True,0.162111916,0.0
hubcap,hubcap,True,0.390305489,0.0
hula_hoop,hula hoop,False,0.871516222,0.0
hummingbird,hummingbird,True,0.745322405,1.0
hummus,hummus,True,0.589279427,0.0
humvee,humvee,True,0.262138803,0.0
hydrant,hydrant,True,0.991677913,0.0
hyena,hyena,True,0.844009879,1.0
ice,ice,True,0.778272581,0.0
ice-cream_cone,ice-cream cone,False,0.012387177,0.0
ice_cream,ice cream,False,0.928101709,0.0
ice_cube,ice cube,False,0.429028453,0.0
ice_pack,ice pack,False,0.731784987,0.0
icemaker,icemaker,True,0.527521571,0.0
icepick,icepick,True,0.457431664,0.0
iceskate,iceskate,True,0.088176455,0.0
icicle,icicle,True,0.867176929,0.0
iguana,iguana,True,0.578106158,1.0
incense,incense,True,0.780989687,0.0
incubator,incubator,True,0.375544662,0.0
inhaler,inhaler,True,0.967964181,0.0
ink,ink,True,0.846085047,0.0
inkwell,inkwell,True,0.227909234,0.0
insole,insole,True,0.505353126,0.0
iron,iron,True,0.993464052,0.0
ironing_board,ironing board,False,0.908139835,0.0
ivy,ivy,True,0.550993623,0.0
jack,jack,True,0.795072956,0.0
jacket,jacket,True,0.751067466,0.0
jackhammer,jackhammer,True,0.450403204,0.0
jalapeno,jalapeno,True,0.460250258,0.0
jam,jam,True,0.542780358,0.0
jar,jar,True,0.91823984,0.0
javelin,javelin,True,0.51691115,0.0
jeans,jeans,True,0.90056456,0.0
jeep,jeep,True,0.823061248,0.0
jelly_bean,jelly bean,False,0.659378072,0.0
jellyfish,jellyfish,True,0.915984692,1.0
jersey,jersey,True,0.926216317,0.0
jet,jet,True,0.808514505,0.0
jetski,jetski,True,0.693988341,0.0
jewel,jewel,True,0.158501694,0.0
jewelry,jewelry,True,0.496516291,0.0
jigsaw_puzzle,jigsaw puzzle,False,0.164559684,0.0
joystick,joystick,True,0.726799106,0.0
jug,jug,True,0.690108095,0.0
juice,juice,True,0.605731523,0.0
juicer2,juicer,True,0.794299569,0.0
jukebox,jukebox,True,0.744137162,0.0
jump_rope,jump rope,False,0.785042263,0.0
jumpsuit,jumpsuit,True,0.481199227,0.0
kale,kale,True,0.510576482,0.0
kaleidoscope,kaleidoscope,True,0.778849903,0.0
kangaroo,kangaroo,True,0.966227497,1.0
kayak,kayak,True,0.677002414,0.0
kazoo,kazoo,True,0.730403699,0.0
kebab,kebab,True,0.287900972,0.0
keg,keg,True,0.689073549,0.0
ketchup,ketchup,True,0.760407798,0.0
kettle,kettle,True,0.677771184,0.0
key,key,True,1.0,0.0
keyboard,keyboard,True,0.961360509,0.0
keyhole,keyhole,True,0.818688002,0.0
kilt,kilt,True,0.844794585,0.0
kimono,kimono,True,0.702939659,0.0
kite,kite,True,0.927120592,0.0
kitten,kitten,True,0.854676929,1.0
kiwi,kiwi,True,0.8614483,0.0
knee,knee,True,0.843641012,0.0
kneepad,kneepad,True,0.2586174,0.0
knife,knife,False,0.954666609,0.0
knitting,knitting,True,0.384034228,0.0
knitting_needle,knitting needle,False,0.460717664,0.0
knob,knob,True,0.587140953,0.0
knot,knot,True,0.561992935,0.0
koala,koala,True,0.931363666,1.0
lab_coat,lab coat,False,0.483063295,0.0
ladder,ladder,True,0.942535833,0.0
ladle,ladle,True,0.857850414,0.0
ladybug,ladybug,True,0.636492154,1.0
lamb,lamb,True,0.752832334,1.0
lamb_chop,lamb chop,False,0.387632343,0.0
lamp,lamp,True,0.977526395,0.0
lamppost,lamppost,True,0.42082448,0.0
lampshade,lampshade,True,0.382766813,0.0
landmine,landmine,True,0.242882124,0.0
lantern,lantern,True,0.780991695,0.0
lanyard,lanyard,True,0.779095552,0.0
laptop,laptop,True,0.886674693,0.0
lasagna,lasagna,True,0.80995356,0.0
laser_pointer,laser pointer,False,0.23727031,0.0
latch,latch,True,0.484298676,0.0
latte,latte,True,0.250255131,0.0
laundry_basket,laundry basket,False,0.530538356,0.0
lava,lava,True,0.879360882,0.0
lavender,lavender,True,0.516334494,0.0
lawnmower,lawnmower,True,0.921564327,0.0
leaf,leaf,True,0.987808062,0.0
leash,leash,True,0.606113476,0.0
lectern,lectern,True,0.071845259,0.0
leech,leech,True,0.377077876,1.0
leek,leek,True,0.381524929,0.0
leg,leg,True,0.796006407,0.0
leggings,leggings,True,0.734248561,0.0
lego,lego,True,0.90092402,0.0
lemon,lemon,True,0.957316033,0.0
lemonade,lemonade,True,0.74056695,0.0
lens,lens,True,0.297266348,0.0
leopard,leopard,True,0.521472374,1.0
leotard,leotard,True,0.368162393,0.0
letter_opener,letter opener,False,0.704865053,0.0
lettuce,lettuce,True,0.730297967,0.0
license_plate,license plate,False,0.884242059,0.0
licorice,licorice,True,0.673247268,0.0
lid,lid,True,0.592343195,0.0
life_jacket,life jacket,False,0.404511739,0.0
lifesaver,lifesaver,True,0.163006734,0.0
light_switch,light switch,False,0.805514074,0.0
lightbulb,lightbulb,True,0.433066449,0.0
lighter,lighter,True,0.875168845,0.0
lightning_bug,lightning bug,True,0.348203689,1.0
lime,lime,True,0.8624613,0.0
limousine,limousine,True,0.54456685,0.0
lingerie,lingerie,True,0.536403509,0.0
lion,lion,True,0.983003784,1.0
lip_balm,lip balm,False,0.245223455,0.0
lip_gloss,lip gloss,False,0.620219616,0.0
lipstick,lipstick,True,0.893151588,0.0
lizard,lizard,True,0.792650284,1.0
llama,llama,True,0.729972083,1.0
lobster,lobster,True,0.885329234,1.0
lock,lock,True,0.586103945,0.0
locker,locker,True,0.945258981,0.0
locket,locket,True,0.72484986,0.0
log,log,True,0.706171884,0.0
loincloth,loincloth,True,0.174587203,0.0
lollipop,lollipop,True,0.794475178,0.0
loom,loom,True,0.691767178,0.0
loveseat,loveseat,True,0.316579055,0.0
luggage,luggage,True,0.720876691,0.0
lumber,lumber,True,0.513173661,0.0
lunchbox,lunchbox,True,0.418109471,0.0
macadamia,macadamia,True,0.315496414,0.0
macaroni,macaroni,True,0.726101365,0.0
machete,machete,True,0.478875702,0.0
machine_gun,machine gun,False,0.470785703,0.0
maggot,maggot,True,0.418529985,1.0
magnet,magnet,True,0.881204492,0.0
magnifier,magnifier,True,0.192634159,0.0
magnifying_glass,magnifying glass,False,0.827777061,0.0
mail,mail,True,0.749467521,0.0
mailbox,mailbox,True,0.97248022,0.0
makeup,makeup,True,0.916498968,0.0
mallet,mallet,True,0.516888384,0.0
man,man,True,0.730857526,0.0
manatee,manatee,True,0.70857234,1.0
mandolin,mandolin,True,0.338351035,0.0
mango,mango,True,0.636940343,0.0
manhole,manhole,True,0.68484815,0.0
mannequin,mannequin,True,0.850841718,0.0
mantle,mantle,True,0.480714654,0.0
map,map,True,0.980343014,0.0
maple_syrup,maple syrup,False,0.34068327,0.0
marble,marble,True,0.944544997,0.0
margarita,margarita,True,0.612992725,0.0
marijuana,marijuana,True,0.440116505,0.0
marker,marker,True,0.793164047,0.0
marmalade,marmalade,True,0.258205768,0.0
marshmallow,marshmallow,True,0.914906658,0.0
mascara,mascara,True,0.827442688,0.0
mashed_potato,mashed potato,False,0.766986477,0.0
mask,mask,True,0.979122807,0.0
mast,mast,True,0.517643373,0.0
mat,mat,True,0.558804487,0.0
match,match,True,0.961104827,0.0
matchbox,matchbox,True,0.280912094,0.0
mattress,mattress,True,0.823645511,0.0
measuring_cup,measuring cup,False,0.806781404,0.0
meat,meat,True,0.682533256,0.0
meat_grinder,meat grinder,False,0.716600734,0.0
meatball,meatball,True,0.933920279,0.0
meatloaf,meatloaf,True,0.835103844,0.0
medal,medal,True,0.389661654,0.0
meerkat,meerkat,True,0.54402834,1.0
megaphone,megaphone,True,0.537823931,0.0
melon,melon,True,0.492372069,0.0
memory_stick,memory stick,False,0.054986472,0.0
metal_detector,metal detector,False,0.883222968,0.0
metronome,metronome,True,0.673697441,0.0
microphone,microphone,True,0.908130293,0.0
microscope,microscope,True,0.950902071,0.0
microwave,microwave,True,0.981968811,0.0
milk,milk,True,0.865127893,0.0
milkshake,milkshake,True,0.602869726,0.0
minivan,minivan,True,0.324096102,0.0
mint,mint,True,0.466886296,0.0
mirror,mirror,True,0.981968811,0.0
missile,missile,False,0.427688996,0.0
mistletoe,mistletoe,True,0.13816093,0.0
mitten,mitten,True,0.773440546,0.0
mixer,mixer,True,0.814876448,0.0
moccasin,moccasin,True,0.65991109,0.0
modem,modem,True,0.31994539,0.0
mold2,mold,True,0.805496585,0.0
mole,mole,True,0.752461874,1.0
money,money,True,0.645812743,0.0
mongoose,mongoose,True,0.053902935,1.0
monkey,monkey,True,0.844669627,1.0
moose,moose,True,0.896432104,1.0
mop,mop,True,0.962256479,0.0
mosquito,mosquito,True,0.87319256,1.0
mosquito_net,mosquito net,False,0.288484031,1.0
moss,moss,True,0.657902978,0.0
moth,moth,True,0.882967222,1.0
motherboard,motherboard,True,0.332770755,0.0
motorcycle,motorcycle,True,0.876689313,0.0
mouse2,mouse,True,0.981914345,0.0
mousepad,mousepad,True,0.599943742,0.0
mousetrap,mousetrap,True,0.409581757,0.0
mousse,mousse,True,0.320316262,0.0
mouth,mouth,True,0.117830166,0.0
mouthpiece,mouthpiece,True,0.058849329,0.0
mud,mud,True,0.801740825,0.0
muff,muff,True,0.47417154,0.0
muffin,muffin,True,0.841717605,0.0
mug,mug,True,0.78618851,0.0
mulberry,mulberry,True,0.071579521,0.0
mulch,mulch,True,0.575596979,0.0
mullet,mullet,True,0.554318599,0.0
mushroom,mushroom,True,0.954071075,0.0
music_box,music box,False,0.79800328,0.0
mussel,mussel,True,0.447482063,1.0
mustache,mustache,True,0.700859001,0.0
mustard,mustard,True,0.40211845,0.0
nacho,nacho,True,0.850586375,0.0
nail,nail,True,0.986676722,0.0
nail_clippers,nail clippers,False,0.878730055,0.0
nail_file,nail file,False,0.595568742,0.0
nail_polish,nail polish,False,0.941429554,0.0
napkin,napkin,True,0.693845095,0.0
napkin_ring,napkin ring,False,0.215771468,0.0
navel,navel,True,0.17170121,0.0
neck,neck,True,0.735595832,0.0
necklace,necklace,True,0.938403853,0.0
needle,needle,True,0.817070863,0.0
nest,nest,True,0.88404812,1.0
net,net,True,0.741538991,1.0
nightshirt,nightshirt,True,0.18929507,0.0
nightstand,nightstand,True,0.407914087,0.0
noisemaker,noisemaker,True,0.157567223,0.0
noodle,noodle,True,0.535456855,0.0
noose,noose,True,0.80504386,0.0
nose,nose,True,0.901651518,0.0
notebook,notebook,True,0.712018404,0.0
notepad,notepad,True,0.537533325,0.0
nut,nut,True,0.827832244,0.0
nutcracker,nutcracker,True,0.360925496,0.0
oar,oar,True,0.556488317,0.0
oatmeal,oatmeal,True,0.584272607,0.0
octopus,octopus,True,0.872277047,1.0
odometer,odometer,True,0.294732273,0.0
oil,oil,True,0.801462241,0.0
oilcan,oilcan,True,0.494235179,0.0
okra,okra,True,0.576203417,0.0
olive,olive,True,0.834396858,0.0
omelet,omelet,True,0.896689982,0.0
onion,onion,True,0.971871345,0.0
orange,orange,True,0.961524097,0.0
orange_rind,orange rind,False,0.035654777,0.0
orangutan,orangutan,True,0.660738686,1.0
orchid,orchid,True,0.360482088,0.0
organ,organ,True,0.792367203,0.0
origami,origami,True,0.732164754,0.0
ostrich,ostrich,True,0.883384707,1.0
otter,otter,True,0.735666065,1.0
ottoman,ottoman,True,0.667977296,0.0
outfit,outfit,True,0.38792713,0.0
outlet,outlet,True,0.830658755,0.0
oven,oven,True,0.745200378,0.0
overalls,overalls,True,0.854623538,0.0
owl,owl,True,0.977495095,1.0
oyster,oyster,True,0.791140748,1.0
pacifier,pacifier,True,0.924193932,0.0
paddle,paddle,True,0.47871517,0.0
padlock,padlock,True,0.394245417,0.0
paint,paint,True,0.885401286,0.0
paintbrush,paintbrush,True,0.326998822,0.0
painting,painting,True,0.713759532,0.0
pajamas,pajamas,True,0.755476833,0.0
palette,palette,True,0.599634503,0.0
pallet,pallet,True,0.837226809,0.0
palm_tree,palm tree,False,0.87629429,0.0
pan,pan,True,0.77219187,0.0
pancake,pancake,True,0.954806287,0.0
panda,panda,True,0.969568666,1.0
panther,panther,True,0.702119269,1.0
panties,panties,True,0.479562264,0.0
pants,pants,True,0.797177474,0.0
pantsuit,pantsuit,True,0.186803406,0.0
pantyhose,pantyhose,True,0.196590566,0.0
papaya,papaya,True,0.629662954,0.0
paper,paper,True,0.862652956,0.0
paper_bag,paper bag,False,0.706156629,0.0
paper_plate,paper plate,False,0.560950221,0.0
paper_towel,paper towel,False,0.901852978,0.0
paperclip,paperclip,True,0.419636478,0.0
paperweight,paperweight,True,0.281918286,0.0
parachute,parachute,True,0.774956339,0.0
parfait,parfait,True,0.705557194,0.0
parking_meter,parking meter,False,0.850515605,0.0
parrot,parrot,True,0.743976977,1.0
parsley,parsley,True,0.38830674,0.0
pasta,pasta,True,0.644862258,0.0
pastry,pastry,True,0.265188802,0.0
patch,patch,True,0.752738771,0.0
patty,patty,True,0.2913531,0.0
payphone,payphone,True,0.342655659,0.0
pea,pea,True,0.964019424,0.0
peach,peach,True,0.853781205,0.0
peacock,peacock,True,0.967141813,1.0
peanut,peanut,True,0.960338346,0.0
peanut_butter,peanut butter,False,0.83050991,0.0
pear,pear,True,0.929908104,0.0
pearl,pearl,True,0.890850666,0.0
pecan,pecan,True,0.601458405,0.0
pedal,pedal,True,0.872955981,0.0
pedometer,pedometer,True,0.363517989,0.0
peeler,peeler,True,0.815761028,0.0
peg,peg,True,0.485807349,0.0
pelican,pelican,True,0.638449631,1.0
pen,pen,True,0.94012605,0.0
pencil,pencil,True,0.976181774,0.0
pencil_sharpener,pencil sharpener,False,0.843069889,0.0
pendulum,pendulum,True,0.368775634,0.0
penguin,penguin,True,0.973935759,1.0
penholder,penholder,True,0.438783044,0.0
penlight,penlight,True,0.224213768,0.0
pennant,pennant,True,0.347800926,0.0
pepper2,pepper,True,0.972948526,0.0
pepper_mill,pepper mill,False,0.216115394,0.0
peppermint,peppermint,True,0.80437414,0.0
pepperoni,pepperoni,True,0.585922271,0.0
perfume,perfume,True,0.893323587,0.0
periscope,periscope,True,0.600252044,0.0
pesto,pesto,True,0.531300461,0.0
pet_food,pet food,False,0.066394115,0.0
petal,petal,True,0.713840156,0.0
petri_dish,petri dish,False,0.715755336,0.0
pheasant,pheasant,True,0.48039789,1.0
phone,phone,True,0.983024067,0.0
phone_booth,phone booth,False,0.852763035,0.0
photo_booth,photo booth,False,0.907002924,0.0
photograph,photograph,True,0.279714196,0.0
piano,piano,True,0.982628139,0.0
pickax,pickax,True,0.273786744,0.0
pickle,pickle,True,0.927702797,0.0
pie,pie,True,0.950255282,0.0
piecrust,piecrust,True,0.772336315,0.0
pig,pig,True,0.874295881,1.0
pigeon,pigeon,True,0.791698558,1.0
piggy_bank,piggy bank,False,0.924048587,0.0
piglet,piglet,True,0.422319688,1.0
pill,pill,True,0.826987659,0.0
pillbox,pillbox,True,0.271929251,0.0
pillow,pillow,True,0.957114128,0.0
pin,pin,True,0.916386699,0.0
pinball,pinball,True,0.911769006,0.0
pincushion,pincushion,True,0.776495313,0.0
pine_needle,pine needle,False,0.345068226,0.0
pine_tree,pine tree,False,0.258564671,0.0
pineapple,pineapple,True,0.980664488,0.0
pinecone,pinecone,True,0.556676567,0.0
ping-pong_table,ping-pong table,False,0.009615385,0.0
pinwheel,pinwheel,True,0.674100232,0.0
pipe1,pipe,True,0.971017618,0.0
pistachio,pistachio,True,0.872613877,0.0
pita,pita,True,0.432946336,0.0
pitcher,pitcher,True,0.829094427,0.0
pitchfork,pitchfork,True,0.584533292,0.0
pizza,pizza,True,0.988865956,0.0
place_mat,place mat,False,0.465828532,0.0
plant,plant,True,0.614796182,0.0
plaster_cast,plaster cast,False,0.0,0.0
plastic_film,plastic film,False,0.0,0.0
plate,plate,True,0.878425419,0.0
platypus,platypus,True,0.876292636,1.0
playing_card,playing card,False,0.47223118,0.0
playpen,playpen,True,0.431604133,0.0
pliers,pliers,True,0.551145224,0.0
plug,plug,True,0.841034902,0.0
plum,plum,True,0.466222116,0.0
plunger,plunger,True,0.954696886,0.0
pocket,pocket,True,0.742175406,0.0
pocket_watch,pocket watch,False,0.719587418,0.0
pocketknife,pocketknife,True,0.40643367,0.0
pogo_stick,pogo stick,False,0.751291525,0.0
poinsettia,poinsettia,True,0.701099255,0.0
poker,poker,True,0.450311389,0.0
polar_bear,polar bear,False,0.920005769,1.0
polaroid,polaroid,True,0.332173996,0.0
pole,pole,True,0.599416528,0.0
police_car,police car,False,0.769220805,0.0
polisher,polisher,True,0.102743378,0.0
polo_shirt,polo shirt,False,0.43000602,0.0
polygraph,polygraph,True,0.226163857,0.0
pom-pom,pom-pom,True,0.184377867,0.0
pomegranate,pomegranate,True,0.799750602,0.0
pony,pony,True,0.532285465,1.0
poodle,poodle,True,0.500266966,1.0
pool_table,pool table,False,0.87607518,0.0
popcorn,popcorn,True,0.958671024,0.0
poppy,poppy,True,0.3488782,0.0
popsicle,popsicle,True,0.792789509,0.0
porcupine,porcupine,True,0.943722409,1.0
porthole,porthole,True,0.365918142,0.0
possum,possum,True,0.921538528,1.0
poster,poster,True,0.51896464,0.0
pot,pot,True,0.862832518,0.0
potato,potato,True,0.996240602,0.0
potholder,potholder,True,0.16103494,0.0
pothole,pothole,True,0.700593395,0.0
potpie,potpie,True,0.496720897,0.0
potpourri,potpourri,True,0.537790082,0.0
powder,powder,True,0.460952343,0.0
power_line,power line,False,0.382278357,0.0
praying_mantis,praying mantis,False,0.653459629,1.0
pretzel,pretzel,True,0.973546942,0.0
printer,printer,True,0.880374957,0.0
prism,prism,True,0.514357943,0.0
projector,projector,True,0.854830868,0.0
propeller,propeller,True,0.611320581,0.0
prune,prune,True,0.476473234,0.0
puck,puck,True,0.843918415,0.0
pudding,pudding,True,0.66828202,0.0
puddle,puddle,True,0.798240393,0.0
puffin,puffin,True,0.541922989,1.0
pug,pug,True,0.608557469,1.0
pulley,pulley,True,0.768335053,0.0
pulpit,pulpit,True,0.206781332,0.0
pump,pump,True,0.684176788,0.0
pumpkin,pumpkin,True,0.965450391,0.0
punch2,punch,True,0.974940415,0.0
punching_bag,punching bag,False,0.856335641,0.0
puppet,puppet,True,0.827411666,0.0
puppy,puppy,True,0.693862106,1.0
purse,purse,True,0.736247277,0.0
quad,quad,True,0.105516139,0.0
quesadilla,quesadilla,True,0.723024703,0.0
quiche,quiche,True,0.773724947,0.0
quill,quill,True,0.429985093,0.0
quilt,quilt,True,0.79090888,0.0
rabbit,rabbit,True,0.776451238,1.0
raccoon,raccoon,True,0.642714103,1.0
racehorse,racehorse,True,0.230085784,1.0
rack1,rack,True,0.62241109,0.0
racket,racket,True,0.804335594,0.0
radar,radar,True,0.529669404,0.0
radiator,radiator,True,0.720877325,0.0
radio,radio,True,0.946648033,0.0
radish,radish,True,0.682637312,0.0
raft,raft,True,0.708447212,0.0
rag,rag,True,0.451754386,0.0
railing,railing,True,0.300507614,0.0
rain_gauge,rain gauge,False,0.421797601,0.0
raincoat,raincoat,True,0.370314361,0.0
raisin,raisin,True,0.845411322,0.0
rake,rake,True,0.933792815,0.0
ram,ram,True,0.651627844,1.0
ramp,ramp,True,0.888931889,0.0
raspberry,raspberry,True,0.905360675,0.0
rat,rat,True,0.422179223,1.0
ratchet,ratchet,True,0.233358802,0.0
rattle,rattle,True,0.603685429,0.0
rattlesnake,rattlesnake,True,0.268681057,1.0
ravioli,ravioli,True,0.837870556,0.0
razor,razor,True,0.864483359,0.0
razor_blade,razor blade,False,0.603381758,0.0
ready_meal,ready meal,False,0.0,0.0
rearview_mirror,rearview mirror,False,0.021954191,0.0
recliner,recliner,True,0.707208176,0.0
record,record,True,0.883670164,0.0
record_player,record player,False,0.741467793,0.0
recorder,recorder,True,0.643319624,0.0
red_carpet,red carpet,False,0.761902612,0.0
reel,reel,True,0.605630662,0.0
refrigerator,refrigerator,True,0.800389864,0.0
reindeer,reindeer,True,0.316586687,1.0
remote_control,remote control,False,0.448563811,0.0
retainer,retainer,True,0.838146704,0.0
revolver,revolver,True,0.256975158,0.0
revolving_door,revolving door,False,0.676834795,0.0
rhinoceros,rhinoceros,True,0.40473032,1.0
rhubarb,rhubarb,True,0.524921278,0.0
ribbon,ribbon,True,0.870745614,0.0
rice,rice,True,0.959460283,0.0
rickshaw,rickshaw,True,0.312429972,0.0
rifle,rifle,False,0.490736082,0.0
rim,rim,True,0.420438493,0.0
ring,ring,True,0.903905802,0.0
riser,riser,True,0.233738759,0.0
road_sign,road sign,False,0.254259653,0.0
roadsweeper,roadsweeper,True,0.018719877,0.0
robe,robe,True,0.240177087,0.0
robot,robot,True,0.928557505,0.0
rock,rock,True,0.602159859,0.0
rocket,rocket,True,0.857474146,0.0
rocking_chair,rocking chair,False,0.861673745,0.0
rocking_horse,rocking horse,False,0.844517875,0.0
roll,roll,True,0.730470273,0.0
roller,roller,True,0.588570219,0.0
roller_coaster,roller coaster,False,0.963263117,0.0
rollerblade,rollerblade,True,0.436683388,0.0
rollerskate,rollerskate,True,0.203156506,0.0
rolling_pin,rolling pin,False,0.866129171,0.0
roof_rack,roof rack,False,0.310522374,0.0
rooster,rooster,True,0.725769694,1.0
root,root,True,0.856940144,0.0
rope,rope,True,0.910160281,0.0
rosary,rosary,True,0.816153537,0.0
rose,rose,True,0.843648445,0.0
roulette_wheel,roulette wheel,False,0.581328474,0.0
router,router,True,0.668325225,0.0
rubber_band,rubber band,False,0.711602382,0.0
ruby,ruby,True,0.395905815,0.0
rudder,rudder,True,0.349009685,0.0
rug,rug,True,0.870538786,0.0
ruler,ruler,True,0.913497923,0.0
rust,rust,True,0.745476767,0.0
saddle,saddle,True,0.948923686,0.0
safety_pin,safety pin,False,0.85163757,0.0
saffron,saffron,True,0.328322645,0.0
sail,sail,True,0.779318599,0.0
sailboat,sailboat,True,0.590964912,0.0
salad,salad,True,0.91023923,0.0
salami,salami,True,0.581087523,0.0
saltshaker,saltshaker,True,0.383566423,0.0
sand,sand,True,0.928146738,0.0
sandal,sandal,True,0.810052746,0.0
sandbag,sandbag,True,0.373179272,0.0
sandbox,sandbox,True,0.730618826,0.0
sandcastle,sandcastle,True,0.242419877,0.0
sandpaper,sandpaper,True,0.630817495,0.0
sandwich,sandwich,True,0.903547758,0.0
sarcophagus,sarcophagus,True,0.399118865,0.0
sardine,sardine,True,0.638438826,1.0
satellite,satellite,True,0.849148607,0.0
satellite_dish,satellite dish,False,0.543002881,0.0
sauce,sauce,True,0.650669361,0.0
saucer,saucer,True,0.19702084,0.0
sauerkraut,sauerkraut,True,0.512639914,0.0
sausage,sausage,True,0.918986498,0.0
saw,saw,True,0.954925776,0.0
sawhorse,sawhorse,True,0.254604546,0.0
saxophone,saxophone,True,0.881854145,0.0
scaffold,scaffold,True,0.791767881,0.0
scaffolding,scaffolding,True,0.663368235,0.0
scale,scale,True,0.912650908,0.0
scallion,scallion,True,0.231707946,0.0
scallop,scallop,True,0.630472423,1.0
scalpel,scalpel,True,0.712665714,0.0
scanner,scanner,True,0.488609238,0.0
scarecrow,scarecrow,True,0.981481481,0.0
scarf,scarf,True,0.92823223,0.0
school_bus,school bus,False,0.73987325,0.0
scissors,scissors,True,1.0,0.0
scone,scone,True,0.54662637,0.0
scoop,scoop,True,0.835471491,0.0
scooter,scooter,True,0.958390308,0.0
scoreboard,scoreboard,True,0.887521216,0.0
scorpion,scorpion,True,0.932361541,1.0
scrabble,scrabble,True,0.873147431,0.0
scrambled_egg,scrambled egg,False,0.560991531,0.0
scraper,scraper,True,0.472611727,0.0
screen1,screen,True,0.763844354,0.0
screw,screw,True,0.849175021,0.0
screwdriver,screwdriver,True,0.792335741,0.0
scuba,scuba,True,0.609754637,0.0
sea_urchin,sea urchin,False,0.542932745,1.0
seafood,seafood,True,0.660605038,0.0
seagull,seagull,True,0.668879716,1.0
seahorse,seahorse,True,0.740453216,1.0
seal,seal,True,0.809916949,1.0
seaplane,seaplane,True,0.345006073,0.0
seatbelt,seatbelt,True,0.766515837,0.0
seaweed,seaweed,True,0.660898979,0.0
seed,seed,True,0.751309647,0.0
seesaw,seesaw,True,0.598729856,0.0
seismograph,seismograph,True,0.316355636,0.0
sequin,sequin,True,0.565168956,0.0
sewage,sewage,True,0.159873052,0.0
sewing_kit,sewing kit,False,0.747232542,0.0
sewing_machine,sewing machine,False,0.980746187,0.0
shaker,shaker,True,0.644483861,0.0
shark,shark,True,0.967177857,1.0
shaving_cream,shaving cream,False,0.777546552,0.0
shawl,shawl,True,0.530203431,0.0
shears,shears,True,0.336711673,0.0
sheath,sheath,True,0.430952227,0.0
sheep,sheep,True,0.905302369,1.0
sheet,sheet,True,0.581463841,0.0
shelf,shelf,True,0.830496789,0.0
shell2,shell,True,0.807123507,1.0
shield,shield,True,0.771550711,0.0
ship,ship,True,0.651015784,0.0
shirt,shirt,True,0.953947368,0.0
shoe,shoe,True,0.750282364,0.0
shoe_polish,shoe polish,False,0.583043802,0.0
shoehorn,shoehorn,True,0.56644701,0.0
shoelace,shoelace,True,0.486487098,0.0
shopping_basket,shopping basket,False,0.39494324,0.0
shopping_cart,shopping cart,False,0.757930212,0.0
shortbread,shortbread,True,0.124353777,0.0
shorts,shorts,True,0.929025996,0.0
shoulder,shoulder,True,0.81461415,0.0
shovel,shovel,True,0.922453704,0.0
shower,shower,True,0.946779657,0.0
shower_cap,shower cap,False,0.536178119,0.0
shower_curtain,shower curtain,False,0.709460377,0.0
showerhead,showerhead,True,0.840338784,0.0
shredder,shredder,True,0.902302632,0.0
shrimp,shrimp,True,0.93974965,1.0
shuffleboard,shuffleboard,True,0.444039173,0.0
shutter,shutter,True,0.420357757,0.0
sickle,sickle,True,0.275202658,0.0
sidecar,sidecar,True,0.773836859,0.0
sifter,sifter,True,0.716906472,0.0
silicone,silicone,True,0.200559657,0.0
silverware,silverware,True,0.701724617,0.0
sim_card,sim card,False,0.448057739,0.0
sink,sink,True,0.953193441,0.0
siren,siren,True,0.31671562,0.0
skateboard,skateboard,True,0.845575335,0.0
skeleton,skeleton,True,0.876396721,0.0
skewer,skewer,True,0.392132496,0.0
ski,ski,True,0.874608136,0.0
ski_boots,ski boots,False,0.579945291,0.0
ski_lift,ski lift,False,0.787873022,0.0
ski_pole,ski pole,False,0.633043086,0.0
skin,skin,True,0.743889418,0.0
skirt,skirt,True,0.930673948,0.0
skull,skull,False,0.970748988,0.0
skunk,skunk,True,0.945549228,1.0
sled,sled,True,0.795528036,0.0
sledgehammer,sledgehammer,True,0.188524384,0.0
sleeping_bag,sleeping bag,False,0.926335139,0.0
slicer,slicer,True,0.815971301,0.0
slide,slide,True,0.903865132,0.0
slime,slime,True,0.605263158,0.0
sling,sling,True,0.864710541,0.0
slingshot,slingshot,True,0.919837891,0.0
slipper,slipper,True,0.872161306,0.0
slot,slot,True,0.610572245,0.0
slot_machine,slot machine,False,0.83452213,0.0
sloth,sloth,True,0.896145798,1.0
slug,slug,True,0.78931305,1.0
smoke_alarm,smoke alarm,False,0.214297744,0.0
smoothie,smoothie,True,0.554123667,0.0
snack,snack,True,0.407003328,0.0
snail,snail,True,0.966989843,1.0
snake,snake,True,0.972752193,1.0
snorkel,snorkel,True,0.603422773,0.0
snow,snow,True,0.959795322,0.0
snowball,snowball,True,0.809310859,0.0
snowboard,snowboard,True,0.724276377,0.0
snowman,snowman,True,0.90082631,0.0
snowmobile,snowmobile,True,0.595310529,0.0
snowplow,snowplow,True,0.284408683,0.0
snowshoe,snowshoe,True,0.308520547,0.0
snowsuit,snowsuit,True,0.366617934,0.0
soap,soap,True,0.949074074,0.0
soccer_ball,soccer ball,False,0.881471448,0.0
sock,sock,True,0.984210526,0.0
soda,soda,True,0.120330237,0.0
soda_fountain,soda fountain,False,0.237950835,0.0
sofa_bed,sofa bed,False,0.339601029,0.0
solar_panel,solar panel,False,0.927355389,0.0
soldering_iron,soldering iron,False,0.310243747,0.0
sombrero,sombrero,True,0.761237243,0.0
sonogram,sonogram,True,0.356989429,0.0
sorbet,sorbet,True,0.385402692,0.0
souffle,souffle,True,0.00617284,0.0
soup,soup,True,0.905699604,0.0
soy_sauce,soy sauce,False,0.425807968,0.0
space_shuttle,space shuttle,False,0.492136024,0.0
spacesuit,spacesuit,True,0.600369797,0.0
spaghetti,spaghetti,True,0.377975883,0.0
spam,spam,True,0.758720689,0.0
spareribs,spareribs,True,0.062217951,0.0
spark_plug,spark plug,False,0.552559196,0.0
sparkler,sparkler,True,0.796227497,0.0
spatula,spatula,True,0.860360932,0.0
speaker,speaker,True,0.950354181,0.0
spear,spear,True,0.492715858,0.0
speedboat,speedboat,True,0.214331234,0.0
speedometer,speedometer,True,0.775467621,0.0
spider,spider,True,0.986354776,1.0
spider_web,spider web,False,0.81835987,1.0
spinach,spinach,True,0.725261306,0.0
splinter,splinter,True,0.520815417,0.0
sponge,sponge,True,0.885595115,0.0
spool,spool,True,0.758250098,0.0
spoon,spoon,True,0.966711651,0.0
spout,spout,True,0.398098187,0.0
spring_roll,spring roll,False,0.327096233,0.0
springboard,springboard,True,0.463500569,0.0
sprinkler,sprinkler,True,0.953131522,0.0
sprouts,sprouts,True,0.658219743,0.0
spur,spur,True,0.873551904,0.0
squash,squash,True,0.626210936,0.0
squeegee,squeegee,True,0.793504185,0.0
squid,squid,True,0.69015374,1.0
squirrel,squirrel,True,0.94943609,1.0
squirt_gun,squirt gun,False,0.238182548,0.0
stained_glass,stained glass,False,0.824324905,0.0
stair,stair,True,0.80567899,0.0
stake,stake,True,0.492663597,0.0
stalagmite,stalagmite,True,0.305321637,0.0
stamp1,stamp,True,0.906694054,0.0
staple,staple,True,0.916660933,0.0
staple_gun,staple gun,False,0.38287252,0.0
stapler,stapler,True,0.960233918,0.0
star_fruit,star fruit,False,0.530589625,0.0
starfish,starfish,True,0.870780587,1.0
station_wagon,station wagon,False,0.407941044,0.0
statue,statue,True,0.935576687,0.0
steak,steak,True,0.869991687,0.0
steamroller,steamroller,True,0.203330158,0.0
steering_wheel,steering wheel,False,0.947444387,0.0
stem,stem,True,0.321371546,0.0
step_stool,step stool,False,0.443647517,0.0
stereo,stereo,True,0.620297491,0.0
stethoscope,stethoscope,True,0.981180484,0.0
stew,stew,True,0.845827361,0.0
stick,stick,True,0.509155619,0.0
sticker,sticker,True,0.798410572,0.0
stiletto,stiletto,True,0.126081871,0.0
stilt,stilt,True,0.734163227,0.0
stingray,stingray,True,0.683374348,1.0
stir_fry,stir fry,False,0.693783325,0.0
stirrup,stirrup,True,0.673098699,0.0
stockings,stockings,True,0.434453144,0.0
stomach,stomach,True,0.252786378,0.0
stool,stool,True,0.954410331,0.0
stopwatch,stopwatch,True,0.458121973,0.0
stove1,stove,True,0.718521275,0.0
straightjacket,straightjacket,True,0.679074217,0.0
strainer,strainer,True,0.501024313,0.0
strap,strap,True,0.463118436,0.0
straw2,straw,True,0.915064044,0.0
strawberry,strawberry,True,0.974180713,0.0
streetlight,streetlight,True,0.159944208,0.0
stretcher,stretcher,True,0.605207975,0.0
string_cheese,string cheese,False,0.415903257,0.0
stroller,stroller,True,0.786284991,0.0
stuffing,stuffing,True,0.631224559,0.0
stump,stump,True,0.864547749,0.0
submarine,submarine,True,0.937364244,0.0
subway,subway,True,0.68757773,0.0
sugar_cube,sugar cube,False,0.85771808,0.0
suit,suit,True,0.915430283,0.0
suitcase,suitcase,True,0.536327645,0.0
sundae,sundae,True,0.661033995,0.0
sundial,sundial,True,0.813453978,0.0
sunflower,sunflower,True,0.906902878,0.0
sunglasses,sunglasses,True,0.927302365,0.0
sunroof,sunroof,True,0.603794365,0.0
surfboard,surfboard,True,0.681431674,0.0
sushi,sushi,True,0.934915482,0.0
suspenders,suspenders,True,0.835710354,0.0
swab,swab,True,0.419245571,0.0
swan,swan,True,0.939065802,1.0
sweater,sweater,True,0.868633471,0.0
sweatsuit,sweatsuit,True,0.205721104,0.0
sweeper,sweeper,True,0.492002064,0.0
sweet_potato,sweet potato,False,0.648832559,0.0
swimming_pool,swimming pool,False,0.354605263,0.0
swimsuit,swimsuit,True,0.421793045,0.0
swing,swing,True,0.966591252,0.0
swing_set,swing set,False,0.609356438,0.0
switch,switch,True,0.906553148,0.0
swizzle_stick,swizzle stick,False,0.108614154,0.0
sword,sword,True,0.830732468,0.0
swordfish,swordfish,True,0.736890838,1.0
syringe,syringe,False,0.761495651,0.0
syrup,syrup,True,0.431031418,0.0
t-shirt,t-shirt,True,0.727330581,0.0
tab,tab,True,0.706482505,0.0
table,table,True,0.957975003,0.0
tablecloth,tablecloth,True,0.872508887,0.0
tablet,tablet,True,0.662171218,0.0
tack,tack,True,0.70900512,0.0
tackle,tackle,True,0.249061615,1.0
taco,taco,True,0.911973089,0.0
tadpole,tadpole,True,0.713950163,1.0
taffy,taffy,True,0.591623998,0.0
tag,tag,True,0.858425948,0.0
taillight,taillight,True,0.566049622,0.0
tamale,tamale,True,0.706010891,0.0
tambourine,tambourine,True,0.911557386,0.0
tank1,tank,False,0.961222404,0.0
tape,tape,True,0.986928105,0.0
tape_measure,tape measure,False,0.500525824,0.0
tape_recorder,tape recorder,False,0.348666652,0.0
tapestry,tapestry,True,0.431103945,0.0
tarantula,tarantula,True,0.550532658,1.0
target,target,True,0.786743206,0.0
tarp,tarp,True,0.586640999,0.0
tattoo,tattoo,True,0.9599207,0.0
taxi,taxi,True,0.79182096,0.0
tea,tea,True,0.881779899,0.0
teabag,teabag,True,0.314561739,0.0
teacup,teacup,True,0.337812244,0.0
teapot,teapot,True,0.490844712,0.0
teddy_bear,teddy bear,False,0.868095689,1.0
tee,tee,True,0.769790233,0.0
teepee,teepee,True,0.786107067,0.0
telegraph,telegraph,True,0.404494126,0.0
telephone_pole,telephone pole,False,0.329320032,0.0
telescope,telescope,True,0.969444444,0.0
television,television,True,0.473289535,0.0
tennis_ball,tennis ball,False,0.951147585,0.0
tent,tent,True,0.971540946,0.0
terrarium,terrarium,True,0.580892607,0.0
test_tube,test tube,False,0.589732188,0.0
thermometer,thermometer,True,0.930494844,0.0
thermos,thermos,True,0.548230185,0.0
thermostat,thermostat,True,0.856753096,0.0
thimble,thimble,True,0.896242547,0.0
thorn,thorn,True,0.734306643,0.0
thread,thread,True,0.707407407,0.0
throne,throne,True,0.686952062,0.0
thumb,thumb,True,0.823443412,0.0
thumbtack,thumbtack,True,0.280877766,0.0
tiara,tiara,True,0.59099193,0.0
tick,tick,True,0.004385965,1.0
ticktacktoe,ticktacktoe,True,0.137009804,0.0
tie,tie,True,0.983306872,0.0
tiger,tiger,True,0.986618838,1.0
tile,tile,True,0.885593969,0.0
timer,timer,True,0.95,0.0
tinsel,tinsel,True,0.362841682,0.0
tiramisu,tiramisu,True,0.476406089,0.0
toad,toad,True,0.486504179,1.0
toast,toast,True,0.940903588,0.0
toaster,toaster,True,0.988070667,0.0
toaster_oven,toaster oven,False,0.730126788,0.0
toe,toe,True,0.701820421,0.0
toga,toga,True,0.597610294,0.0
toilet,toilet,True,0.972892095,0.0
toilet_paper,toilet paper,False,0.935953087,0.0
tomato,tomato,True,0.984962406,0.0
tomato_sauce,tomato sauce,False,0.31210256,0.0
tongs,tongs,True,0.907634589,0.0
tongue,tongue,True,0.98287037,0.0
tool,tool,True,0.88702557,0.0
toolbox,toolbox,True,0.427931631,0.0
tooth,tooth,True,0.033257367,0.0
toothbrush,toothbrush,True,0.891380412,0.0
toothpaste,toothpaste,True,0.792898914,0.0
toothpick,toothpick,True,0.74012605,0.0
top_hat,top hat,False,0.806753261,0.0
torch,torch,True,0.871080416,0.0
torpedo,torpedo,True,0.270664312,0.0
torso,torso,True,0.290955381,0.0
tortellini,tortellini,True,0.38884777,0.0
tortilla,tortilla,True,0.82639469,0.0
tostada,tostada,True,0.265568852,0.0
totem_pole,totem pole,False,0.763766033,0.0
toucan,toucan,True,0.736607488,1.0
touchpad,touchpad,True,0.171011065,0.0
towel,towel,True,0.944928191,0.0
towel_rack,towel rack,False,0.651324059,0.0
toy,toy,True,0.721587005,0.0
tractor,tractor,True,0.911719556,0.0
traffic_light,traffic light,False,0.581746359,0.0
trailer,trailer,True,0.887365984,0.0
train,train,True,0.95376462,0.0
train_car,train car,False,0.343748919,0.0
train_set,train set,False,0.373339138,0.0
trampoline,trampoline,True,0.950819143,0.0
trap,trap,True,0.486085311,0.0
trapdoor,trapdoor,True,0.342879257,0.0
trashcan,trashcan,True,0.515108851,0.0
tray,tray,True,0.788376169,0.0
treadmill,treadmill,True,0.983403397,0.0
treasure,treasure,True,0.428959607,0.0
tree,tree,True,0.968128655,0.0
tree_trunk,tree trunk,False,0.399108474,0.0
triangle,triangle,True,0.881773879,0.0
tricycle,tricycle,True,0.825210391,0.0
trident,trident,True,0.535728209,0.0
trigger,trigger,True,0.7792154,0.0
tripod,tripod,True,0.874764219,0.0
trolley,trolley,True,0.449370976,0.0
trombone,trombone,True,0.688138238,0.0
trophy,trophy,True,0.906894073,0.0
trough,trough,True,0.537852266,0.0
trowel,trowel,True,0.429961401,0.0
truck,truck,True,0.759869854,0.0
trumpet,trumpet,True,0.815771116,0.0
trunk,trunk,True,0.317708487,0.0
tuba,tuba,True,0.5595836,0.0
tube_top,tube top,False,0.581934411,0.0
tugboat,tugboat,True,0.324389405,0.0
tulip,tulip,True,0.655974947,0.0
tumbleweed,tumbleweed,True,0.697999854,0.0
tuning_fork,tuning fork,False,0.635250456,0.0
tupperware,tupperware,True,0.489359592,0.0
turban,turban,True,0.707392972,0.0
turbine,turbine,True,0.346106238,0.0
turf,turf,True,0.266477468,0.0
turkey,turkey,True,0.982241715,1.0
turnstile,turnstile,True,0.538119526,0.0
turntable,turntable,True,0.370794303,0.0
turtle,turtle,True,0.875810782,1.0
turtleneck,turtleneck,True,0.190709617,0.0
tuxedo,tuxedo,True,0.641374576,0.0
tweezers,tweezers,True,0.9291337,0.0
twig,twig,True,0.340574145,0.0
typewriter,typewriter,True,0.965426843,0.0
ukulele,ukulele,True,0.42788832,0.0
umbrella,umbrella,True,0.989583333,0.0
undershirt,undershirt,True,0.162679882,0.0
underwear,underwear,False,0.535356109,0.0
unicycle,unicycle,True,0.957887929,0.0
uniform,uniform,True,0.709334419,0.0
urinal,urinal,True,0.86894201,0.0
urn,urn,True,0.47556606,0.0
vacuum,vacuum,True,0.961939351,0.0
valve,valve,True,0.398708577,0.0
van,van,True,0.878353096,0.0
vase,vase,True,0.747550955,0.0
vegetable,vegetable,True,0.769268146,0.0
veil,veil,True,0.732800138,0.0
velcro,velcro,True,0.757927152,0.0
vending_machine,vending machine,False,0.853665106,0.0
vent,vent,True,0.81986922,0.0
vest,vest,True,0.809919734,0.0
vial,vial,True,0.375442036,0.0
videocassette,videocassette,True,0.074113849,0.0
videogame,videogame,True,0.23285575,0.0
viewfinder,viewfinder,True,0.128647804,0.0
violin,violin,True,0.869320738,0.0
vise,vise,True,0.267245729,0.0
visor,visor,True,0.767240443,0.0
volleyball,volleyball,True,0.702478661,0.0
vulture,vulture,True,0.564805035,1.0
wafer,wafer,True,0.630889878,0.0
waffle,waffle,True,0.97188348,0.0
waffle_iron,waffle iron,False,0.393564794,0.0
wagon,wagon,True,0.780417693,0.0
walker1,walker,True,0.909053081,0.0
wall,wall,True,0.759053219,0.0
wallet,wallet,True,0.840945501,0.0
wallpaper,wallpaper,True,0.717966869,0.0
walnut,walnut,True,0.802128814,0.0
walrus,walrus,True,0.895571035,1.0
wand,wand,True,0.582214626,0.0
warthog,warthog,True,0.431986584,1.0
washboard,washboard,True,0.744065386,0.0
washcloth,washcloth,True,0.254675496,0.0
washing_machine,washing machine,False,0.496422429,0.0
wasp,wasp,True,0.315515136,1.0
watch,watch,True,0.992374728,0.0
water_bottle,water bottle,False,0.785691506,0.0
water_cooler,water cooler,False,0.561780114,0.0
water_filter,water filter,False,0.378927302,0.0
water_fountain,water fountain,False,0.703452872,0.0
water_heater,water heater,False,0.776060556,0.0
watering_can,watering can,False,0.806617954,0.0
watermelon,watermelon,True,0.962565161,0.0
waterwheel,waterwheel,True,0.59820956,0.0
wax,wax,True,0.411404584,0.0
wax_paper,wax paper,False,0.445762219,0.0
weasel,weasel,True,0.237279985,1.0
weather_vane,weather vane,False,0.641228266,0.0
webcam,webcam,True,0.431041452,0.0
wedding_cake,wedding cake,False,0.519767556,0.0
wedge,wedge,True,0.319776668,0.0
weed,weed,True,0.362415844,0.0
wetsuit,wetsuit,True,0.723519583,0.0
whale,whale,True,0.927354948,1.0
wheat,wheat,True,0.878413098,0.0
wheel,wheel,True,0.973090815,0.0
wheelbarrow,wheelbarrow,True,0.856367532,0.0
wheelchair,wheelchair,True,0.97755418,0.0
whip,whip,True,0.817195255,0.0
whipped_cream,whipped cream,False,0.549438973,0.0
whisk,whisk,True,0.903336773,0.0
whistle,whistle,True,0.991902834,0.0
whiteboard,whiteboard,True,0.426540821,0.0
whoopee_cushion,whoopee cushion,False,0.256057328,0.0
wick,wick,True,0.462343768,0.0
wig,wig,True,0.961270824,0.0
wind_chimes,wind chimes,False,0.723882367,0.0
window,window,True,0.953468537,0.0
windowsill,windowsill,True,0.170898825,0.0
windshield,windshield,True,0.779662023,0.0
windshield_wiper,windshield wiper,False,0.703662909,0.0
windsock,windsock,True,0.273801963,0.0
wine,wine,False,0.972479724,0.0
wine_bottle,wine bottle,False,0.391327543,0.0
wine_cooler,wine cooler,False,0.019433198,0.0
wineglass,wineglass,True,0.527986161,0.0
wing,wing,True,0.853989549,0.0
wire,wire,True,0.765296631,0.0
wire_cutters,wire cutters,False,0.282612782,0.0
wok,wok,True,0.630074318,0.0
wolf,wolf,True,0.859687822,1.0
woman,woman,True,0.660845947,0.0
wood,wood,True,0.686755185,0.0
wooden_leg,wooden leg,False,0.152582488,0.0
workbench,workbench,True,0.310615694,0.0
worm,worm,True,0.968810916,1.0
wrap,wrap,True,0.607212988,0.0
wrapping_paper,wrapping paper,False,0.797004716,0.0
wreath,wreath,True,0.940745553,0.0
wreck,wreck,True,0.391175148,0.0
wrench,wrench,True,0.938518375,0.0
wrist,wrist,True,0.739744838,0.0
xylophone,xylophone,True,0.912069645,0.0
yacht,yacht,True,0.638257511,0.0
yak,yak,True,0.351172457,1.0
yarn,yarn,True,0.818735523,0.0
yo-yo,yo-yo,True,0.838868881,0.0
yogurt,yogurt,True,0.546091379,0.0
yoke,yoke,True,0.38187457,1.0
yolk,yolk,True,0.768225882,0.0
zebra,zebra,True,0.986973684,1.0
zipper,zipper,True,0.953774295,0.0
zucchini,zucchini,True,0.671735665,0.0
