task,item_uid,answer,response_alternatives,prompt_phrase,full_prompt,trial_type,age_band,category,hardness
synthetic-vocab,synthetic_vocab__sock,sock,"shoe,wing,seahorse",sock,"You will see four pictures labeled A, B, C, and D. Choose the picture that best matches the word: sock.",test,3,object,1
synthetic-vocab,synthetic_vocab__fire,fire,"game,sandbox,noodle",fire,"You will see four pictures labeled A, B, C, and D. Choose the picture that best matches the word: fire.",test,3,object,1
synthetic-vocab,synthetic_vocab__orange,orange,"honey,bus,chipmunk",orange,"You will see four pictures labeled A, B, C, and D. Choose the picture that best matches the word: orange.",test,3,object,1
synthetic-vocab,synthetic_vocab__spider,spider,"bug,grasshopper,gumball",spider,"You will see four pictures labeled A, B, C, and D. Choose the picture that best matches the word: spider.",test,3,animal,1
synthetic-vocab,synthetic_vocab__pillow,pillow,"cushion,jeans,tool",pillow,"You will see four pictures labeled A, B, C, and D. Choose the picture that best matches the word: pillow.",test,3,object,1
synthetic-vocab,synthetic_vocab__shirt,shirt,"undershirt,chair,ladybug",shirt,"You will see four pictures labeled A, B, C, and D. Choose the picture that best matches the word: shirt.",test,4,object,1
synthetic-vocab,synthetic_vocab__tree,tree,"plant,clover,walrus",tree,"You will see four pictures labeled A, B, C, and D. Choose the picture that best matches the word: tree.",test,4,object,1
synthetic-vocab,synthetic_vocab__key,key,"boy,pot,octopus",key,"You will see four pictures labeled A, B, C, and D. Choose the picture that best matches the word: key.",test,4,object,1
synthetic-vocab,synthetic_vocab__bear,bear,"man,chicken,dalmatian",bear,"You will see four pictures labeled A, B, C, and D. Choose the picture that best matches the word: bear.",test,4,animal,1
synthetic-vocab,synthetic_vocab__ear,ear,"nose,trophy,hyena",ear,"You will see four pictures labeled A, B, C, and D. Choose the picture that best matches the word: ear.",test,4,object,1
synthetic-vocab,synthetic_vocab__cat,cat,"kitten,sheep,clothesline",cat,"You will see four pictures labeled A, B, C, and D. Choose the picture that best matches the word: cat.",test,4,animal,1
synthetic-vocab,synthetic_vocab__bubble,bubble,"sundae,beet,asparagus",bubble,"You will see four pictures labeled A, B, C, and D. Choose the picture that best matches the word: bubble.",test,4,object,1
synthetic-vocab,synthetic_vocab__egg,egg,"yolk,pants,splinter",egg,"You will see four pictures labeled A, B, C, and D. Choose the picture that best matches the word: egg.",test,4,object,1
synthetic-vocab,synthetic_vocab__worm,worm,"baby,shell,screwdriver",worm,"You will see four pictures labeled A, B, C, and D. Choose the picture that best matches the word: worm.",test,4,animal,1
synthetic-vocab,synthetic_vocab__tiger,tiger,"goat,elephant,chalkboard",tiger,"You will see four pictures labeled A, B, C, and D. Choose the picture that best matches the word: tiger.",test,4,animal,1
synthetic-vocab,synthetic_vocab__lamp,lamp,"lampshade,bush,domino",lamp,"You will see four pictures labeled A, B, C, and D. Choose the picture that best matches the word: lamp.",test,4,object,1
synthetic-vocab,synthetic_vocab__phone,phone,"photograph,checkers,floss",phone,"You will see four pictures labeled A, B, C, and D. Choose the picture that best matches the word: phone.",test,4,object,1
synthetic-vocab,synthetic_vocab__apple,apple,"candy,hand,hydrant",apple,"You will see four pictures labeled A, B, C, and D. Choose the picture that best matches the word: apple.",test,4,object,1
synthetic-vocab,synthetic_vocab__horse,horse,"pony,tick,perfume",horse,"You will see four pictures labeled A, B, C, and D. Choose the picture that best matches the word: horse.",test,4,animal,1
synthetic-vocab,synthetic_vocab__strawberry,strawberry,"raspberry,outfit,pantyhose",strawberry,"You will see four pictures labeled A, B, C, and D. Choose the picture that best matches the word: strawberry.",test,4,object,1
synthetic-vocab,synthetic_vocab__bowl,bowl,"plate,mirror,hippopotamus",bowl,"You will see four pictures labeled A, B, C, and D. Choose the picture that best matches the word: bowl.",test,4,object,1
synthetic-vocab,synthetic_vocab__pancake,pancake,"pickle,finger,seaweed",pancake,"You will see four pictures labeled A, B, C, and D. Choose the picture that best matches the word: pancake.",test,4,object,1
synthetic-vocab,synthetic_vocab__balloon,balloon,"ball,playpen,hummingbird",balloon,"You will see four pictures labeled A, B, C, and D. Choose the picture that best matches the word: balloon.",test,4,object,1
synthetic-vocab,synthetic_vocab__wheel,wheel,"dial,fork,suspenders",wheel,"You will see four pictures labeled A, B, C, and D. Choose the picture that best matches the word: wheel.",test,4,object,1
synthetic-vocab,synthetic_vocab__tape,tape,"paper,lightbulb,meatloaf",tape,"You will see four pictures labeled A, B, C, and D. Choose the picture that best matches the word: tape.",test,4,object,1
synthetic-vocab,synthetic_vocab__lion,lion,"wolf,ant,dustpan",lion,"You will see four pictures labeled A, B, C, and D. Choose the picture that best matches the word: lion.",test,4,animal,1
synthetic-vocab,synthetic_vocab__clock,clock,"watch,closet,caterpillar",clock,"You will see four pictures labeled A, B, C, and D. Choose the picture that best matches the word: clock.",test,4,object,1
synthetic-vocab,synthetic_vocab__chalk,chalk,"paint,wafer,melon",chalk,"You will see four pictures labeled A, B, C, and D. Choose the picture that best matches the word: chalk.",test,4,object,1
synthetic-vocab,synthetic_vocab__leaf,leaf,"feather,engine,hook",leaf,"You will see four pictures labeled A, B, C, and D. Choose the picture that best matches the word: leaf.",test,5,object,2
synthetic-vocab,synthetic_vocab__tomato,tomato,"ketchup,broom,fireplace",tomato,"You will see four pictures labeled A, B, C, and D. Choose the picture that best matches the word: tomato.",test,5,object,2
synthetic-vocab,synthetic_vocab__belt,belt,"strap,spacesuit,handprint",belt,"You will see four pictures labeled A, B, C, and D. Choose the picture that best matches the word: belt.",test,5,object,2
synthetic-vocab,synthetic_vocab__pizza,pizza,"pepperoni,bell,doorknocker",pizza,"You will see four pictures labeled A, B, C, and D. Choose the picture that best matches the word: pizza.",test,5,object,2
synthetic-vocab,synthetic_vocab__tie,tie,"rag,flagpole,platypus",tie,"You will see four pictures labeled A, B, C, and D. Choose the picture that best matches the word: tie.",test,5,object,2
synthetic-vocab,synthetic_vocab__lemon,lemon,"gem,brush,videocassette",lemon,"You will see four pictures labeled A, B, C, and D. Choose the picture that best matches the word: lemon.",test,5,object,2
synthetic-vocab,synthetic_vocab__button,button,"knob,sweater,iguana",button,"You will see four pictures labeled A, B, C, and D. Choose the picture that best matches the word: button.",test,5,object,2
synthetic-vocab,synthetic_vocab__pumpkin,pumpkin,"cinnamon,jar,seal",pumpkin,"You will see four pictures labeled A, B, C, and D. Choose the picture that best matches the word: pumpkin.",test,5,object,2
synthetic-vocab,synthetic_vocab__mask,mask,"face,bread,tarantula",mask,"You will see four pictures labeled A, B, C, and D. Choose the picture that best matches the word: mask.",test,5,object,2
synthetic-vocab,synthetic_vocab__football,football,"baseball,mustache,orangutan",football,"You will see four pictures labeled A, B, C, and D. Choose the picture that best matches the word: football.",test,5,object,2
synthetic-vocab,synthetic_vocab__beard,beard,"razor,branch,goldfish",beard,"You will see four pictures labeled A, B, C, and D. Choose the picture that best matches the word: beard.",test,5,object,2
synthetic-vocab,synthetic_vocab__bow,bow,"bonnet,crate,ostrich",bow,"You will see four pictures labeled A, B, C, and D. Choose the picture that best matches the word: bow.",test,5,object,2
synthetic-vocab,synthetic_vocab__giraffe,giraffe,"deer,slug,boulder",giraffe,"You will see four pictures labeled A, B, C, and D. Choose the picture that best matches the word: giraffe.",test,5,animal,2
synthetic-vocab,synthetic_vocab__peanut,peanut,"biscuit,cannonball,kaleidoscope",peanut,"You will see four pictures labeled A, B, C, and D. Choose the picture that best matches the word: peanut.",test,5,object,2
synthetic-vocab,synthetic_vocab__bee,bee,"beehive,lamb,railing",bee,"You will see four pictures labeled A, B, C, and D. Choose the picture that best matches the word: bee.",test,5,animal,2
synthetic-vocab,synthetic_vocab__zipper,zipper,"whip,candle,gravestone",zipper,"You will see four pictures labeled A, B, C, and D. Choose the picture that best matches the word: zipper.",test,5,object,2
synthetic-vocab,synthetic_vocab__snake,snake,"hawk,gopher,highchair",snake,"You will see four pictures labeled A, B, C, and D. Choose the picture that best matches the word: snake.",test,5,animal,2
synthetic-vocab,synthetic_vocab__camel,camel,"donkey,butterfly,windowsill",camel,"You will see four pictures labeled A, B, C, and D. Choose the picture that best matches the word: camel.",test,5,animal,2
synthetic-vocab,synthetic_vocab__chain,chain,"trap,lettuce,warthog",chain,"You will see four pictures labeled A, B, C, and D. Choose the picture that best matches the word: chain.",test,5,object,2
synthetic-vocab,synthetic_vocab__helicopter,helicopter,"car,dress,tumbleweed",helicopter,"You will see four pictures labeled A, B, C, and D. Choose the picture that best matches the word: helicopter.",test,5,object,2
synthetic-vocab,synthetic_vocab__basketball,basketball,"volleyball,stereo,cheetah",basketball,"You will see four pictures labeled A, B, C, and D. Choose the picture that best matches the word: basketball.",test,5,object,2
synthetic-vocab,synthetic_vocab__waffle,waffle,"taco,cage,thumbtack",waffle,"You will see four pictures labeled A, B, C, and D. Choose the picture that best matches the word: waffle.",test,5,object,2
synthetic-vocab,synthetic_vocab__saw,saw,"chainsaw,sandpaper,stockings",saw,"You will see four pictures labeled A, B, C, and D. Choose the picture that best matches the word: saw.",test,5,object,2
synthetic-vocab,synthetic_vocab__whistle,whistle,"radio,calf,reindeer",whistle,"You will see four pictures labeled A, B, C, and D. Choose the picture that best matches the word: whistle.",test,5,object,2
synthetic-vocab,synthetic_vocab__pepper,pepper,"puppet,cabinet,corkboard",pepper,"You will see four pictures labeled A, B, C, and D. Choose the picture that best matches the word: pepper.",test,5,object,2
synthetic-vocab,synthetic_vocab__shark,shark,"fish,lobster,bedpost",shark,"You will see four pictures labeled A, B, C, and D. Choose the picture that best matches the word: shark.",test,5,animal,2
synthetic-vocab,synthetic_vocab__comb,comb,"hairbrush,cooler,anteater",comb,"You will see four pictures labeled A, B, C, and D. Choose the picture that best matches the word: comb.",test,6,object,2
synthetic-vocab,synthetic_vocab__kangaroo,kangaroo,"rabbit,parrot,wreath",kangaroo,"You will see four pictures labeled A, B, C, and D. Choose the picture that best matches the word: kangaroo.",test,6,animal,2
synthetic-vocab,synthetic_vocab__cherry,cherry,"berry,tattoo,doormat",cherry,"You will see four pictures labeled A, B, C, and D. Choose the picture that best matches the word: cherry.",test,6,object,2
synthetic-vocab,synthetic_vocab__wig,wig,"hair,pastry,starfish",wig,"You will see four pictures labeled A, B, C, and D. Choose the picture that best matches the word: wig.",test,6,object,2
synthetic-vocab,synthetic_vocab__basket,basket,"bucket,collar,hail",basket,"You will see four pictures labeled A, B, C, and D. Choose the picture that best matches the word: basket.",test,6,object,2
synthetic-vocab,synthetic_vocab__skirt,skirt,"shorts,brownie,backscratcher",skirt,"You will see four pictures labeled A, B, C, and D. Choose the picture that best matches the word: skirt.",test,6,object,2
synthetic-vocab,synthetic_vocab__penguin,penguin,"duck,mosquito,knitting",penguin,"You will see four pictures labeled A, B, C, and D. Choose the picture that best matches the word: penguin.",test,6,animal,2
synthetic-vocab,synthetic_vocab__bracelet,bracelet,"wrist,shoehorn,peppermint",bracelet,"You will see four pictures labeled A, B, C, and D. Choose the picture that best matches the word: bracelet.",test,6,object,2
synthetic-vocab,synthetic_vocab__anchor,anchor,"cross,seed,toucan",anchor,"You will see four pictures labeled A, B, C, and D. Choose the picture that best matches the word: anchor.",test,6,object,2
synthetic-vocab,synthetic_vocab__moth,moth,"bat,possum,fishbowl",moth,"You will see four pictures labeled A, B, C, and D. Choose the picture that best matches the word: moth.",test,6,animal,2
synthetic-vocab,synthetic_vocab__peacock,peacock,"bird,beaver,eraser",peacock,"You will see four pictures labeled A, B, C, and D. Choose the picture that best matches the word: peacock.",test,6,animal,2
synthetic-vocab,synthetic_vocab__stapler,stapler,"staple,jewelry,bathrobe",stapler,"You will see four pictures labeled A, B, C, and D. Choose the picture that best matches the word: stapler.",test,6,object,2
synthetic-vocab,synthetic_vocab__eagle,eagle,"chick,skunk,pincushion",eagle,"You will see four pictures labeled A, B, C, and D. Choose the picture that best matches the word: eagle.",test,6,animal,2
synthetic-vocab,synthetic_vocab__chips,chips,"chip,doll,trunk",chips,"You will see four pictures labeled A, B, C, and D. Choose the picture that best matches the word: chips.",test,6,object,2
synthetic-vocab,synthetic_vocab__crumb,crumb,"muffin,daisy,doorbell",crumb,"You will see four pictures labeled A, B, C, and D. Choose the picture that best matches the word: crumb.",test,6,object,2
synthetic-vocab,synthetic_vocab__camera,camera,"filter,robe,poinsettia",camera,"You will see four pictures labeled A, B, C, and D. Choose the picture that best matches the word: camera.",test,6,object,2
synthetic-vocab,synthetic_vocab__crib,crib,"cot,kiwi,propeller",crib,"You will see four pictures labeled A, B, C, and D. Choose the picture that best matches the word: crib.",test,6,object,2
synthetic-vocab,synthetic_vocab__magnet,magnet,"peg,shelf,cockroach",magnet,"You will see four pictures labeled A, B, C, and D. Choose the picture that best matches the word: magnet.",test,6,object,2
synthetic-vocab,synthetic_vocab__cauliflower,cauliflower,"cabbage,jewel,mantle",cauliflower,"You will see four pictures labeled A, B, C, and D. Choose the picture that best matches the word: cauliflower.",test,6,object,2
synthetic-vocab,synthetic_vocab__card,card,"file,tent,cable",card,"You will see four pictures labeled A, B, C, and D. Choose the picture that best matches the word: card.",test,6,object,2
synthetic-vocab,synthetic_vocab__owl,owl,"robot,catfish,bassinet",owl,"You will see four pictures labeled A, B, C, and D. Choose the picture that best matches the word: owl.",test,6,animal,2
synthetic-vocab,synthetic_vocab__stool,stool,"drum,coat,turtleneck",stool,"You will see four pictures labeled A, B, C, and D. Choose the picture that best matches the word: stool.",test,6,object,2
synthetic-vocab,synthetic_vocab__pineapple,pineapple,"banana,ruler,bunkbed",pineapple,"You will see four pictures labeled A, B, C, and D. Choose the picture that best matches the word: pineapple.",test,6,object,2
synthetic-vocab,synthetic_vocab__microphone,microphone,"headset,paperweight,walnut",microphone,"You will see four pictures labeled A, B, C, and D. Choose the picture that best matches the word: microphone.",test,6,object,2
synthetic-vocab,synthetic_vocab__envelope,envelope,"mail,quilt,zebra",envelope,"You will see four pictures labeled A, B, C, and D. Choose the picture that best matches the word: envelope.",test,6,object,2
synthetic-vocab,synthetic_vocab__fence,fence,"gate,batter,piglet",fence,"You will see four pictures labeled A, B, C, and D. Choose the picture that best matches the word: fence.",test,6,object,2
synthetic-vocab,synthetic_vocab__timer,timer,"tag,knee,forklift",timer,"You will see four pictures labeled A, B, C, and D. Choose the picture that best matches the word: timer.",test,6,object,2
synthetic-vocab,synthetic_vocab__handcuff,handcuff,"clasp,switch,dishwasher",handcuff,"You will see four pictures labeled A, B, C, and D. Choose the picture that best matches the word: handcuff.",test,6,object,2
synthetic-vocab,synthetic_vocab__pearl,pearl,"diamond,steak,accordion",pearl,"You will see four pictures labeled A, B, C, and D. Choose the picture that best matches the word: pearl.",test,6,object,2
synthetic-vocab,synthetic_vocab__faucet,faucet,"toilet,wetsuit,lemonade",faucet,"You will see four pictures labeled A, B, C, and D. Choose the picture that best matches the word: faucet.",test,6,object,2
synthetic-vocab,synthetic_vocab__stamp,stamp,"sticker,dynamite,rattlesnake",stamp,"You will see four pictures labeled A, B, C, and D. Choose the picture that best matches the word: stamp.",test,6,object,2
synthetic-vocab,synthetic_vocab__trailer,trailer,"truck,earring,highlighter",trailer,"You will see four pictures labeled A, B, C, and D. Choose the picture that best matches the word: trailer.",test,6,object,2
synthetic-vocab,synthetic_vocab__dice,dice,"buckle,mango,paintbrush",dice,"You will see four pictures labeled A, B, C, and D. Choose the picture that best matches the word: dice.",test,6,object,2
synthetic-vocab,synthetic_vocab__mushroom,mushroom,"fungus,straw,coverall",mushroom,"You will see four pictures labeled A, B, C, and D. Choose the picture that best matches the word: mushroom.",test,6,object,2
synthetic-vocab,synthetic_vocab__lava,lava,"coal,icicle,jukebox",lava,"You will see four pictures labeled A, B, C, and D. Choose the picture that best matches the word: lava.",test,6,object,2
synthetic-vocab,synthetic_vocab__coconut,coconut,"nut,braid,pillbox",coconut,"You will see four pictures labeled A, B, C, and D. Choose the picture that best matches the word: coconut.",test,6,object,2
synthetic-vocab,synthetic_vocab__slingshot,slingshot,"sling,ribbon,broccoli",slingshot,"You will see four pictures labeled A, B, C, and D. Choose the picture that best matches the word: slingshot.",test,7,object,2
synthetic-vocab,synthetic_vocab__jellyfish,jellyfish,"crab,crow,jumpsuit",jellyfish,"You will see four pictures labeled A, B, C, and D. Choose the picture that best matches the word: jellyfish.",test,7,animal,2
synthetic-vocab,synthetic_vocab__thermometer,thermometer,"stem,wax,origami",thermometer,"You will see four pictures labeled A, B, C, and D. Choose the picture that best matches the word: thermometer.",test,7,object,2
synthetic-vocab,synthetic_vocab__dough,dough,"flour,jacket,cockatoo",dough,"You will see four pictures labeled A, B, C, and D. Choose the picture that best matches the word: dough.",test,7,object,2
synthetic-vocab,synthetic_vocab__suit,suit,"costume,corn,mistletoe",suit,"You will see four pictures labeled A, B, C, and D. Choose the picture that best matches the word: suit.",test,7,object,2
synthetic-vocab,synthetic_vocab__skeleton,skeleton,"bone,radiator,boa",skeleton,"You will see four pictures labeled A, B, C, and D. Choose the picture that best matches the word: skeleton.",test,7,object,2
synthetic-vocab,synthetic_vocab__vacuum,vacuum,"vegetable,scale,sawhorse",vacuum,"You will see four pictures labeled A, B, C, and D. Choose the picture that best matches the word: vacuum.",test,7,object,2
synthetic-vocab,synthetic_vocab__binoculars,binoculars,"eyepiece,panties,shredder",binoculars,"You will see four pictures labeled A, B, C, and D. Choose the picture that best matches the word: binoculars.",test,7,object,2
synthetic-vocab,synthetic_vocab__wheelchair,wheelchair,"bike,oven,knot",wheelchair,"You will see four pictures labeled A, B, C, and D. Choose the picture that best matches the word: wheelchair.",test,7,object,2
synthetic-vocab,synthetic_vocab__porcupine,porcupine,"boar,swan,mixer",porcupine,"You will see four pictures labeled A, B, C, and D. Choose the picture that best matches the word: porcupine.",test,7,animal,2
synthetic-vocab,synthetic_vocab__pinball,pinball,"tray,crown,aardvark",pinball,"You will see four pictures labeled A, B, C, and D. Choose the picture that best matches the word: pinball.",test,7,object,2
synthetic-vocab,synthetic_vocab__blind,blind,"blinder,javelin,backgammon",blind,"You will see four pictures labeled A, B, C, and D. Choose the picture that best matches the word: blind.",test,7,object,2
synthetic-vocab,synthetic_vocab__marble,marble,"crystal,dollhouse,pheasant",marble,"You will see four pictures labeled A, B, C, and D. Choose the picture that best matches the word: marble.",test,7,object,2
synthetic-vocab,synthetic_vocab__goggles,goggles,"glasses,marker,coil",goggles,"You will see four pictures labeled A, B, C, and D. Choose the picture that best matches the word: goggles.",test,7,object,2
synthetic-vocab,synthetic_vocab__shrimp,shrimp,"seafood,hay,padlock",shrimp,"You will see four pictures labeled A, B, C, and D. Choose the picture that best matches the word: shrimp.",test,7,animal,2
synthetic-vocab,synthetic_vocab__xylophone,xylophone,"piano,dish,pantsuit",xylophone,"You will see four pictures labeled A, B, C, and D. Choose the picture that best matches the word: xylophone.",test,7,object,2
synthetic-vocab,synthetic_vocab__drill,drill,"hip,pudding,crayfish",drill,"You will see four pictures labeled A, B, C, and D. Choose the picture that best matches the word: drill.",test,7,object,2
synthetic-vocab,synthetic_vocab__tweezers,tweezers,"pen,gumdrop,cougar",tweezers,"You will see four pictures labeled A, B, C, and D. Choose the picture that best matches the word: tweezers.",test,7,object,2
synthetic-vocab,synthetic_vocab__crutch,crutch,"brace,streetlight,denture",crutch,"You will see four pictures labeled A, B, C, and D. Choose the picture that best matches the word: crutch.",test,7,object,2
synthetic-vocab,synthetic_vocab__unicycle,unicycle,"motorcycle,pickax,bandanna",unicycle,"You will see four pictures labeled A, B, C, and D. Choose the picture that best matches the word: unicycle.",test,7,object,2
synthetic-vocab,synthetic_vocab__ramp,ramp,"bank,ankle,porthole",ramp,"You will see four pictures labeled A, B, C, and D. Choose the picture that best matches the word: ramp.",test,7,object,2
synthetic-vocab,synthetic_vocab__extinguisher,extinguisher,"lighter,sled,ravioli",extinguisher,"You will see four pictures labeled A, B, C, and D. Choose the picture that best matches the word: extinguisher.",test,7,object,2
synthetic-vocab,synthetic_vocab__dart,dart,"mat,wick,seatbelt",dart,"You will see four pictures labeled A, B, C, and D. Choose the picture that best matches the word: dart.",test,7,object,2
synthetic-vocab,synthetic_vocab__harp,harp,"coop,scone,incense",harp,"You will see four pictures labeled A, B, C, and D. Choose the picture that best matches the word: harp.",test,8,object,3
synthetic-vocab,synthetic_vocab__microwave,microwave,"cooker,arrow,shuffleboard",microwave,"You will see four pictures labeled A, B, C, and D. Choose the picture that best matches the word: microwave.",test,8,object,3
synthetic-vocab,synthetic_vocab__frame,frame,"screen,yarn,manatee",frame,"You will see four pictures labeled A, B, C, and D. Choose the picture that best matches the word: frame.",test,8,object,3
synthetic-vocab,synthetic_vocab__almond,almond,"pecan,stomach,seismograph",almond,"You will see four pictures labeled A, B, C, and D. Choose the picture that best matches the word: almond.",test,8,object,3
synthetic-vocab,synthetic_vocab__headrest,headrest,"footrest,emerald,guacamole",headrest,"You will see four pictures labeled A, B, C, and D. Choose the picture that best matches the word: headrest.",test,8,object,3
synthetic-vocab,synthetic_vocab__headphones,headphones,"computer,noisemaker,trapdoor",headphones,"You will see four pictures labeled A, B, C, and D. Choose the picture that best matches the word: headphones.",test,8,object,3
synthetic-vocab,synthetic_vocab__clipboard,clipboard,"notepad,ferry,airboat",clipboard,"You will see four pictures labeled A, B, C, and D. Choose the picture that best matches the word: clipboard.",test,8,object,3
synthetic-vocab,synthetic_vocab__puck,puck,"plug,eggnog,eggbeater",puck,"You will see four pictures labeled A, B, C, and D. Choose the picture that best matches the word: puck.",test,8,object,3
synthetic-vocab,synthetic_vocab__visor,visor,"helmet,calculator,llama",visor,"You will see four pictures labeled A, B, C, and D. Choose the picture that best matches the word: visor.",test,8,object,3
synthetic-vocab,synthetic_vocab__scorpion,scorpion,"cobra,sardine,brooch",scorpion,"You will see four pictures labeled A, B, C, and D. Choose the picture that best matches the word: scorpion.",test,8,animal,3
synthetic-vocab,synthetic_vocab__keyhole,keyhole,"hole,dandelion,confetti",keyhole,"You will see four pictures labeled A, B, C, and D. Choose the picture that best matches the word: keyhole.",test,8,object,3
synthetic-vocab,synthetic_vocab__cannon,cannon,"riser,bandage,hairpin",cannon,"You will see four pictures labeled A, B, C, and D. Choose the picture that best matches the word: cannon.",test,8,object,3
synthetic-vocab,synthetic_vocab__bowtie,bowtie,"beanie,weed,pelican",bowtie,"You will see four pictures labeled A, B, C, and D. Choose the picture that best matches the word: bowtie.",test,8,object,3
synthetic-vocab,synthetic_vocab__submarine,submarine,"scuba,catapult,ratchet",submarine,"You will see four pictures labeled A, B, C, and D. Choose the picture that best matches the word: submarine.",test,8,object,3
synthetic-vocab,synthetic_vocab__makeup,makeup,"woman,chest,sprouts",makeup,"You will see four pictures labeled A, B, C, and D. Choose the picture that best matches the word: makeup.",test,8,object,3
synthetic-vocab,synthetic_vocab__hinge,hinge,"bumper,minivan,beachball",hinge,"You will see four pictures labeled A, B, C, and D. Choose the picture that best matches the word: hinge.",test,8,object,3
synthetic-vocab,synthetic_vocab__peeler,peeler,"penholder,sledgehammer,landmine",peeler,"You will see four pictures labeled A, B, C, and D. Choose the picture that best matches the word: peeler.",test,8,object,3
synthetic-vocab,synthetic_vocab__cardinal,cardinal,"rooster,doghouse,penlight",cardinal,"You will see four pictures labeled A, B, C, and D. Choose the picture that best matches the word: cardinal.",test,8,animal,3
synthetic-vocab,synthetic_vocab__spool,spool,"reel,flashbulb,leopard",spool,"You will see four pictures labeled A, B, C, and D. Choose the picture that best matches the word: spool.",test,8,object,3
synthetic-vocab,synthetic_vocab__thimble,thimble,"tinsel,roadsweeper,crossbow",thimble,"You will see four pictures labeled A, B, C, and D. Choose the picture that best matches the word: thimble.",test,8,object,3
synthetic-vocab,synthetic_vocab__showerhead,showerhead,"strainer,rudder,licorice",showerhead,"You will see four pictures labeled A, B, C, and D. Choose the picture that best matches the word: showerhead.",test,8,object,3
synthetic-vocab,synthetic_vocab__ginger,ginger,"van,wineglass,harmonica",ginger,"You will see four pictures labeled A, B, C, and D. Choose the picture that best matches the word: ginger.",test,8,object,3
synthetic-vocab,synthetic_vocab__duster,duster,"burner,marmalade,tablecloth",duster,"You will see four pictures labeled A, B, C, and D. Choose the picture that best matches the word: duster.",test,8,object,3
synthetic-vocab,synthetic_vocab__crouton,crouton,"teacup,leash,workbench",crouton,"You will see four pictures labeled A, B, C, and D. Choose the picture that best matches the word: crouton.",test,8,object,3
synthetic-vocab,synthetic_vocab__racket,racket,"paddle,badge,poppy",racket,"You will see four pictures labeled A, B, C, and D. Choose the picture that best matches the word: racket.",test,8,object,3
synthetic-vocab,synthetic_vocab__tee,tee,"tab,sombrero,eggplant",tee,"You will see four pictures labeled A, B, C, and D. Choose the picture that best matches the word: tee.",test,8,object,3
synthetic-vocab,synthetic_vocab__overalls,overalls,"vest,navel,eyeliner",overalls,"You will see four pictures labeled A, B, C, and D. Choose the picture that best matches the word: overalls.",test,8,object,3
synthetic-vocab,synthetic_vocab__tortilla,tortilla,"burrito,snowshoe,dashboard",tortilla,"You will see four pictures labeled A, B, C, and D. Choose the picture that best matches the word: tortilla.",test,8,object,3
synthetic-vocab,synthetic_vocab__outlet,outlet,"spout,wallet,scarecrow",outlet,"You will see four pictures labeled A, B, C, and D. Choose the picture that best matches the word: outlet.",test,8,object,3
synthetic-vocab,synthetic_vocab__trigger,trigger,"brake,cactus,guardrail",trigger,"You will see four pictures labeled A, B, C, and D. Choose the picture that best matches the word: trigger.",test,8,object,3
synthetic-vocab,synthetic_vocab__compass,compass,"bomb,orchid,eel",compass,"You will see four pictures labeled A, B, C, and D. Choose the picture that best matches the word: compass.",test,8,object,3
synthetic-vocab,synthetic_vocab__urinal,urinal,"dryer,wheelbarrow,clove",urinal,"You will see four pictures labeled A, B, C, and D. Choose the picture that best matches the word: urinal.",test,8,object,3
synthetic-vocab,synthetic_vocab__stethoscope,stethoscope,"shears,hairnet,gargoyle",stethoscope,"You will see four pictures labeled A, B, C, and D. Choose the picture that best matches the word: stethoscope.",test,8,object,3
synthetic-vocab,synthetic_vocab__chandelier,chandelier,"champagne,handkerchief,valve",chandelier,"You will see four pictures labeled A, B, C, and D. Choose the picture that best matches the word: chandelier.",test,9,object,4
synthetic-vocab,synthetic_vocab__cashew,cashew,"olive,printer,vulture",cashew,"You will see four pictures labeled A, B, C, and D. Choose the picture that best matches the word: cashew.",test,9,object,4
synthetic-vocab,synthetic_vocab__sundial,sundial,"statue,tack,toad",sundial,"You will see four pictures labeled A, B, C, and D. Choose the picture that best matches the word: sundial.",test,9,object,4
synthetic-vocab,synthetic_vocab__whisk,whisk,"twig,cart,magnifier",whisk,"You will see four pictures labeled A, B, C, and D. Choose the picture that best matches the word: whisk.",test,9,object,4
synthetic-vocab,synthetic_vocab__organ,organ,"altar,turf,gazelle",organ,"You will see four pictures labeled A, B, C, and D. Choose the picture that best matches the word: organ.",test,9,object,4
synthetic-vocab,synthetic_vocab__slicer,slicer,"cleaver,tamale,tambourine",slicer,"You will see four pictures labeled A, B, C, and D. Choose the picture that best matches the word: slicer.",test,9,object,4
synthetic-vocab,synthetic_vocab__thermostat,thermostat,"pill,shaker,zucchini",thermostat,"You will see four pictures labeled A, B, C, and D. Choose the picture that best matches the word: thermostat.",test,9,object,4
synthetic-vocab,synthetic_vocab__bagel,bagel,"banjo,chute,detonator",bagel,"You will see four pictures labeled A, B, C, and D. Choose the picture that best matches the word: bagel.",test,9,object,4
synthetic-vocab,synthetic_vocab__jersey,jersey,"cardigan,trombone,washboard",jersey,"You will see four pictures labeled A, B, C, and D. Choose the picture that best matches the word: jersey.",test,9,object,4
synthetic-vocab,synthetic_vocab__dumpster,dumpster,"compost,chime,stilt",dumpster,"You will see four pictures labeled A, B, C, and D. Choose the picture that best matches the word: dumpster.",test,9,object,4
synthetic-vocab,synthetic_vocab__saxophone,saxophone,"clarinet,clipper,shawl",saxophone,"You will see four pictures labeled A, B, C, and D. Choose the picture that best matches the word: saxophone.",test,9,object,4
synthetic-vocab,synthetic_vocab__mascara,mascara,"eyedropper,sifter,anklet",mascara,"You will see four pictures labeled A, B, C, and D. Choose the picture that best matches the word: mascara.",test,9,object,4
synthetic-vocab,synthetic_vocab__mannequin,mannequin,"figurine,bassoon,leek",mannequin,"You will see four pictures labeled A, B, C, and D. Choose the picture that best matches the word: mannequin.",test,9,object,4
synthetic-vocab,synthetic_vocab__tripod,tripod,"chaps,hobbyhorse,hovercraft",tripod,"You will see four pictures labeled A, B, C, and D. Choose the picture that best matches the word: tripod.",test,9,object,4
synthetic-vocab,synthetic_vocab__scrabble,scrabble,"sequin,pedal,antelope",scrabble,"You will see four pictures labeled A, B, C, and D. Choose the picture that best matches the word: scrabble.",test,9,object,4
synthetic-vocab,synthetic_vocab__speedometer,speedometer,"stopwatch,bookmark,alpaca",speedometer,"You will see four pictures labeled A, B, C, and D. Choose the picture that best matches the word: speedometer.",test,9,object,4
synthetic-vocab,synthetic_vocab__gong,gong,"bongo,bracket,deodorant",gong,"You will see four pictures labeled A, B, C, and D. Choose the picture that best matches the word: gong.",test,10,object,4
synthetic-vocab,synthetic_vocab__plunger,plunger,"mallet,folder,loveseat",plunger,"You will see four pictures labeled A, B, C, and D. Choose the picture that best matches the word: plunger.",test,10,object,4
synthetic-vocab,synthetic_vocab__sidecar,sidecar,"snowmobile,fossil,bolt",sidecar,"You will see four pictures labeled A, B, C, and D. Choose the picture that best matches the word: sidecar.",test,10,object,4
synthetic-vocab,synthetic_vocab__ladle,ladle,"kettle,lumber,chessboard",ladle,"You will see four pictures labeled A, B, C, and D. Choose the picture that best matches the word: ladle.",test,10,object,4
synthetic-vocab,synthetic_vocab__pulley,pulley,"gauge,veil,grapefruit",pulley,"You will see four pictures labeled A, B, C, and D. Choose the picture that best matches the word: pulley.",test,10,object,4
synthetic-vocab,synthetic_vocab__squeegee,squeegee,"sweeper,grater,projector",squeegee,"You will see four pictures labeled A, B, C, and D. Choose the picture that best matches the word: squeegee.",test,10,object,4
synthetic-vocab,synthetic_vocab__binder,binder,"copier,flute,corkscrew",binder,"You will see four pictures labeled A, B, C, and D. Choose the picture that best matches the word: binder.",test,10,object,4
synthetic-vocab,synthetic_vocab__anvil,anvil,"chisel,cornucopia,turban",anvil,"You will see four pictures labeled A, B, C, and D. Choose the picture that best matches the word: anvil.",test,11,object,4
